epoch,landmark,foreground_loss,background_loss,total_loss
1,CEJ-m,0.19246118422597647,0.34448277205228806,0.26847197860479355
1,BL-m,0.2102824915200472,0.354011382907629,0.2821469381451607
1,RL-m,0.12804486751556396,0.21566936671733855,0.17185711562633516
1,CEJ-d,0.0841738460585475,0.11334729753434658,0.09876057226210833
1,BL-d,0.13956902921199799,0.2559219431132078,0.19774548523128033
1,RL-d,0.15607052743434907,0.2171791285276413,0.18662482798099517
1,RL-c,0.12787232100963591,0.2513295322656631,0.189600932598114
1,FA,0.10140521079301834,0.17880357801914215,0.14010439366102218
1,FBL-m,0.11003926247358323,0.21910599768161773,0.16457263231277466
1,FBL-d,0.13528957664966584,0.22979915738105774,0.18254436552524567
2,CEJ-m,0.14321187604218721,0.33124704472720623,0.237229460850358
2,BL-m,0.1633237348869443,0.33601655811071396,0.24967014975845814
2,RL-m,0.1249502420425415,0.21500445902347565,0.16997734904289247
2,CEJ-d,0.06843984872102737,0.11167694441974163,0.09005839563906193
2,BL-d,0.1472828146070242,0.24760919995605946,0.19744600355625153
2,RL-d,0.11552290320396423,0.21400413513183594,0.16476352512836456
2,RL-c,0.11926486641168595,0.23293784856796265,0.17610135674476624
2,FA,0.0872003361582756,0.17692317366600036,0.13206175565719605
2,FBL-m,0.11005195379257202,0.20812344551086426,0.1590876966714859
2,FBL-d,0.10653857886791229,0.2318677634000778,0.16920316815376282
3,CEJ-m,0.14275189209729433,0.32576220110058784,0.23425704427063465
3,BL-m,0.1468139849603176,0.3389841467142105,0.2428990639746189
3,RL-m,0.10383144021034241,0.19386104345321656,0.14884623885154724
3,CEJ-d,0.06804247573018074,0.0990558248013258,0.08354915119707584
3,BL-d,0.09735977835953236,0.2354442346841097,0.16640200652182102
3,RL-d,0.09626574367284775,0.20549302995204927,0.1508793890476227
3,RL-c,0.08911558240652084,0.22322598993778228,0.15617078840732573
3,FA,0.12321327924728394,0.1676929235458374,0.14545309841632842
3,FBL-m,0.09037796854972839,0.1923636794090271,0.1413708209991455
3,FBL-d,0.1257775232195854,0.2126287877559662,0.16920315772294997
4,CEJ-m,0.09481925051659346,0.29117265343666077,0.19299595057964325
4,BL-m,0.10365667566657066,0.3075856454670429,0.20562115870416164
4,RL-m,0.08061104938387871,0.17334367632865905,0.12697736024856568
4,CEJ-d,0.07000369997695088,0.08674978371709585,0.07837674301117659
4,BL-d,0.07419382315129042,0.22446010261774063,0.14932696148753166
4,RL-d,0.08770033121109008,0.2100698471069336,0.14888508915901183
4,RL-c,0.0772456020116806,0.20406053364276885,0.1406530648469925
4,FA,0.08051001131534577,0.14974121153354644,0.11512561291456222
4,FBL-m,0.09042070508003235,0.17527081668376923,0.13284575939178467
4,FBL-d,0.07095606923103333,0.17713143527507783,0.12404375225305557
5,CEJ-m,0.07671272940933704,0.27594740502536297,0.17633006814867258
5,BL-m,0.0979852331802249,0.29517126083374023,0.1965782456099987
5,RL-m,0.07272492051124572,0.15642515420913697,0.11457503587007523
5,CEJ-d,0.06836552359163761,0.07284532533958554,0.07060542376711965
5,BL-d,0.06899298308417201,0.20553246326744556,0.13726272247731686
5,RL-d,0.0815301701426506,0.20534272789955138,0.14343644827604293
5,RL-c,0.06808564066886902,0.19060418903827667,0.12934491634368897
5,FA,0.0696120411157608,0.1302591696381569,0.0999356061220169
5,FBL-m,0.068845035135746,0.15622054934501647,0.1125327929854393
5,FBL-d,0.06601416170597077,0.15823082625865936,0.11212249696254731
6,CEJ-m,0.06969854980707169,0.2518527116626501,0.16077562980353832
6,BL-m,0.09234909527003765,0.27810329757630825,0.18522619269788265
6,RL-m,0.06801274567842483,0.14652395695447923,0.10726835131645203
6,CEJ-d,0.065544658806175,0.06322616804391146,0.06438541319221258
6,BL-d,0.0653535882011056,0.18898776732385159,0.1271706772968173
6,RL-d,0.07250932902097702,0.20565956234931945,0.13908444494009017
6,RL-c,0.06888518184423446,0.1541918247938156,0.11153850257396698
6,FA,0.06706105768680573,0.11965145915746689,0.09335625767707825
6,FBL-m,0.06447456032037735,0.13713849037885667,0.10080652832984924
6,FBL-d,0.06560467928647995,0.13586337566375734,0.1007340282201767
7,CEJ-m,0.06976478919386864,0.22206574771553278,0.1459152726456523
7,BL-m,0.0779787115752697,0.2552732452750206,0.1666259765625
7,RL-m,0.06330216974020005,0.12992163747549057,0.09661190211772919
7,CEJ-d,0.06663693999871612,0.05429945280775428,0.060468196868896484
7,BL-d,0.06474144896492362,0.17374503053724766,0.11924323905259371
7,RL-d,0.0721796303987503,0.20270968675613404,0.1374446600675583
7,RL-c,0.06389120668172836,0.14656801372766495,0.10522960871458054
7,FA,0.0637838065624237,0.10923982858657837,0.08651181906461716
7,FBL-m,0.06421291232109069,0.12951900511980058,0.09686595946550369
7,FBL-d,0.06428402438759803,0.11659998893737793,0.09044200778007508
8,CEJ-m,0.06880795117467642,0.20321540255099535,0.13601167779415846
8,BL-m,0.0734386881813407,0.2426600642502308,0.15804937575012445
8,RL-m,0.06302288919687271,0.11585702747106552,0.08943995833396912
8,CEJ-d,0.0641178535297513,0.0482410192489624,0.05617943638935685
8,BL-d,0.062459167558699846,0.1589206513017416,0.11068991012871265
8,RL-d,0.06930807679891586,0.1948029011487961,0.13205548822879792
8,RL-c,0.06440270617604256,0.12020732015371323,0.09230501353740692
8,FA,0.06432270556688309,0.09493526220321655,0.07962898313999175
8,FBL-m,0.0650975376367569,0.11574138104915618,0.09041945934295655
8,FBL-d,0.06378017663955689,0.09638079702854156,0.08008048534393311
9,CEJ-m,0.06669829040765762,0.18785578850656748,0.12727703619748354
9,BL-m,0.07102146744728088,0.23147127591073513,0.15124637074768543
9,RL-m,0.06332307532429696,0.10614292621612549,0.0847330003976822
9,CEJ-d,0.06264890311285853,0.0420203257817775,0.05233461409807205
9,BL-d,0.06329807406291366,0.14012996386736631,0.10171401966363192
9,RL-d,0.06633249074220657,0.18412373065948487,0.12522810995578765
9,RL-c,0.06622365936636924,0.09833074286580086,0.08227720260620117
9,FA,0.06379800289869308,0.08534396141767502,0.07457098066806793
9,FBL-m,0.06335357055068017,0.10658704340457917,0.08497030735015869
9,FBL-d,0.06263261884450913,0.08198613673448563,0.07230937927961349
10,CEJ-m,0.06553991883993149,0.16972923278808594,0.11763457581400871
10,BL-m,0.06804249342530966,0.2153394464403391,0.1416909722611308
10,RL-m,0.06295327618718147,0.0949867382645607,0.07897000759840012
10,CEJ-d,0.06272136699408293,0.038791033206507564,0.050756200682371855
10,BL-d,0.0632924479432404,0.12770726718008518,0.09549985826015472
10,RL-d,0.06484914422035218,0.16996206641197203,0.11740560233592987
10,RL-c,0.068055260181427,0.09301031082868576,0.08053278475999832
10,FA,0.06348937898874282,0.07748798727989196,0.07048868536949157
10,FBL-m,0.06340162679553032,0.099525848031044,0.08146373629570007
10,FBL-d,0.06336695402860641,0.07089521810412407,0.06713108718395233
11,CEJ-m,0.06516484124585986,0.15557285770773888,0.11036884784698486
11,BL-m,0.06648338586091995,0.1991782058030367,0.1328307967633009
11,RL-m,0.06261460334062577,0.08580342531204224,0.07420901507139206
11,CEJ-d,0.062345089856535196,0.03657529968768358,0.04946019500494003
11,BL-d,0.06337898131459951,0.11780321504920721,0.09059109725058079
11,RL-d,0.0651868000626564,0.15580108761787415,0.11049394309520721
11,RL-c,0.06526111662387848,0.08915041908621787,0.07720576748251914
11,FA,0.06248954460024834,0.07102065682411193,0.06675510108470917
11,FBL-m,0.0632510744035244,0.09361379891633988,0.07843243777751922
11,FBL-d,0.06277037337422371,0.06239947900176048,0.06258492693305015
12,CEJ-m,0.06531698582693934,0.1446944996714592,0.10500574298202991
12,BL-m,0.0672654202207923,0.18540314864367247,0.1263342872262001
12,RL-m,0.062696273624897,0.07915763854980469,0.0709269568324089
12,CEJ-d,0.062343904748559,0.03174933802802116,0.04704662133008242
12,BL-d,0.06405308842658997,0.10630768164992332,0.08518038596957922
12,RL-d,0.06485443785786629,0.14011334180831908,0.10248388946056367
12,RL-c,0.06467681974172593,0.08326677419245243,0.07397179752588272
12,FA,0.06190640553832054,0.06736494898796082,0.06463567689061164
12,FBL-m,0.0637060172855854,0.09227337688207626,0.07798969596624375
12,FBL-d,0.06179477423429489,0.05650188475847244,0.059148328751325606
13,CEJ-m,0.06438672635704279,0.133406653534621,0.09889668971300125
13,BL-m,0.06600964721292257,0.1708540329709649,0.11843184102326632
13,RL-m,0.06235225647687912,0.0726523146033287,0.06750228777527809
13,CEJ-d,0.06282342923805118,0.029043090995401144,0.04593326011672616
13,BL-d,0.0635707313194871,0.09745010919868946,0.08051042025908828
13,RL-d,0.0650130957365036,0.12648407220840455,0.09574858248233795
13,RL-c,0.06493772715330123,0.07988725639879704,0.07241249158978462
13,FA,0.06170931085944176,0.06290567070245742,0.06230748891830444
13,FBL-m,0.06336691752076148,0.08719632029533386,0.07528161704540252
13,FBL-d,0.062214911729097364,0.04991810098290443,0.05606650561094284
14,CEJ-m,0.06361898314207792,0.12367090117186308,0.0936449421569705
14,BL-m,0.06506036268547177,0.15862512029707432,0.1118427412584424
14,RL-m,0.062462031841278076,0.06602626591920853,0.0642441488802433
14,CEJ-d,0.06327633699402213,0.028576353564858437,0.04592634504660964
14,BL-d,0.06266458472236991,0.09055367344990373,0.07660912908613682
14,RL-d,0.06494294553995132,0.11797933131456376,0.09146113842725753
14,RL-c,0.06452592313289643,0.07632891796529293,0.07042742148041725
14,FA,0.06189972162246704,0.05689172744750977,0.059395724534988405
14,FBL-m,0.06291158571839332,0.07965581268072128,0.07128369808197021
14,FBL-d,0.06300209388136864,0.0435229167342186,0.05326250568032265
15,CEJ-m,0.06311638001352549,0.11605886789038777,0.08958762418478727
15,BL-m,0.06422424456104636,0.14794099144637585,0.10608261916786432
15,RL-m,0.06280908361077309,0.06074605360627174,0.06177756860852242
15,CEJ-d,0.06188512733206153,0.026899068849161267,0.044392097275704145
15,BL-d,0.06209229305386543,0.08303637616336346,0.07256433507427573
15,RL-d,0.06478042453527451,0.10897877812385559,0.08687960058450699
15,RL-c,0.06464392840862274,0.07115414999425411,0.067899040132761
15,FA,0.061715617030858996,0.052371876686811446,0.05704374685883522
15,FBL-m,0.06286407634615898,0.07436186373233795,0.06861296966671944
15,FBL-d,0.061945822834968564,0.039682892709970476,0.05081435739994049
16,CEJ-m,0.06284011388197541,0.10892416583374143,0.08588214125484228
16,BL-m,0.0632982850074768,0.13835313729941845,0.10082571115344763
16,RL-m,0.06275580152869224,0.05685955062508583,0.05980767607688904
16,CEJ-d,0.060495221987366676,0.024616246460936964,0.04255573474802077
16,BL-d,0.061604009475558996,0.07636113511398435,0.06898257182911038
16,RL-d,0.0652981847524643,0.09866106063127518,0.08197962194681167
16,RL-c,0.06409046426415443,0.06640643514692783,0.06524844989180564
16,FA,0.06152039021253586,0.049362768232822415,0.05544157922267914
16,FBL-m,0.06264012679457664,0.07097667753696442,0.06680840104818345
16,FBL-d,0.06141384467482567,0.03770315796136856,0.04955850094556809
17,CEJ-m,0.0625458387658,0.10127968154847622,0.08191275969147682
17,BL-m,0.0625841822475195,0.12925757188349962,0.09592087659984827
17,RL-m,0.06268309652805329,0.052679511904716494,0.05768130272626877
17,CEJ-d,0.060732653830200434,0.022980312118306756,0.04185648309066892
17,BL-d,0.06112208683043718,0.07096879044547677,0.06604543793946505
17,RL-d,0.06464939042925835,0.08999518156051636,0.07732228487730027
17,RL-c,0.06333865597844124,0.06279800608754157,0.06306833177804946
17,FA,0.061230777949094775,0.04512318149209023,0.05317698046565056
17,FBL-m,0.062188074737787244,0.06574413254857063,0.06396610289812088
17,FBL-d,0.06142361015081406,0.034797320142388344,0.048110464960336684
18,CEJ-m,0.06203775107860565,0.0950123337097466,0.07852504076436162
18,BL-m,0.061972135212272406,0.12186040822416544,0.09191627148538828
18,RL-m,0.0625347688794136,0.048804403841495515,0.05566958710551262
18,CEJ-d,0.06154297897592187,0.021871550183277577,0.04170726425945759
18,BL-d,0.06124132592231035,0.0668859607540071,0.0640636426396668
18,RL-d,0.06414706259965897,0.08158998489379883,0.07286852300167083
18,RL-c,0.06296395808458329,0.06020259596407414,0.061583276838064194
18,FA,0.061715374886989596,0.04109966047108173,0.051407516747713086
18,FBL-m,0.06266633048653603,0.06024012938141823,0.061453229188919066
18,FBL-d,0.06197760328650474,0.031728072091937065,0.04685283824801445
19,CEJ-m,0.061612490098923445,0.08908981550484896,0.07535115256905556
19,BL-m,0.06170580768957734,0.11527760326862335,0.08849170617759228
19,RL-m,0.06232132986187935,0.045473982393741605,0.05389765650033951
19,CEJ-d,0.06059928983449936,0.020712517551146448,0.040655904449522495
19,BL-d,0.06053979694843292,0.06277617672458291,0.06165798660367727
19,RL-d,0.06380685120820999,0.0741351768374443,0.06897101178765297
19,RL-c,0.0626379519701004,0.05732062049210072,0.05997928529977799
19,FA,0.06267324984073638,0.0377455797046423,0.0502094142138958
19,FBL-m,0.0625809147953987,0.05570998713374138,0.05914545282721519
19,FBL-d,0.06390331238508225,0.02929069995880127,0.046597006171941756
20,CEJ-m,0.06081011751666665,0.08353782026097178,0.07217396888881922
20,BL-m,0.06091511808335781,0.10860472358763218,0.08475992130115628
20,RL-m,0.0624206893146038,0.04287500455975533,0.052647847682237625
20,CEJ-d,0.058466792572289705,0.019581917498726398,0.0390243548899889
20,BL-d,0.060263289138674736,0.05897332774475217,0.059618308674544096
20,RL-d,0.06353056132793426,0.06918092891573906,0.06635574400424957
20,RL-c,0.06252171620726585,0.05453215204179287,0.058526935428380965
20,FA,0.061892466992139815,0.035038073733448985,0.048465270549058914
20,FBL-m,0.061705232411623,0.05172640383243561,0.05671581849455833
20,FBL-d,0.06284222081303596,0.028038759902119636,0.045440489798784255
21,CEJ-m,0.05952976364642382,0.07785126357339323,0.06869051326066256
21,BL-m,0.05962014338001609,0.10199672309681773,0.0808084337040782
21,RL-m,0.06231950893998146,0.0408389899879694,0.05157924890518188
21,CEJ-d,0.05884611280634999,0.019035332836210728,0.038940723054111004
21,BL-d,0.05977359740063548,0.05556815559975803,0.05767087545245886
21,RL-d,0.06323477327823639,0.06452683284878731,0.06388080269098281
21,RL-c,0.06235342770814896,0.05133868120610714,0.056846053898334505
21,FA,0.060878705233335495,0.03248908147215843,0.046683892607688904
21,FBL-m,0.060021834820508956,0.04690887629985809,0.05346535593271255
21,FBL-d,0.06142212375998497,0.026376134157180785,0.04389912858605385
22,CEJ-m,0.05856820475310087,0.07324300007894635,0.06590560264885426
22,BL-m,0.058292373549193144,0.09558759350329638,0.07693998422473669
22,RL-m,0.06221267879009247,0.03870616555213928,0.050459423661231996
22,CEJ-d,0.05768511118367314,0.017219326458871365,0.0374522190541029
22,BL-d,0.059048577677458525,0.05145773128606379,0.05525315413251519
22,RL-d,0.06322476491332055,0.059590444713830945,0.061407604813575746
22,RL-c,0.06208932101726532,0.04829699359834194,0.055193158239126204
22,FA,0.06026511117815971,0.03068738430738449,0.04547624737024307
22,FBL-m,0.059724362939596175,0.0443053487688303,0.05201485604047775
22,FBL-d,0.06059684902429581,0.02520916685461998,0.0429030068218708
23,CEJ-m,0.0575723578222096,0.06875840178690851,0.06316538015380502
23,BL-m,0.0571547644212842,0.09075193339958787,0.07395334914326668
23,RL-m,0.06217765286564827,0.03653376512229443,0.04935570880770683
23,CEJ-d,0.05605983454734087,0.016758947866037488,0.03640939178876579
23,BL-d,0.0582391694188118,0.0484249999281019,0.05333208525553346
23,RL-d,0.06314728483557701,0.05580860823392868,0.059477946162223815
23,RL-c,0.06194587498903274,0.04585201814770699,0.053898945450782776
23,FA,0.05943281278014183,0.028694631159305574,0.04406372234225273
23,FBL-m,0.05855053663253784,0.04143725223839283,0.04999389499425888
23,FBL-d,0.05971040278673172,0.023928957432508467,0.04181967973709107
24,CEJ-m,0.05684690037742257,0.06460530054755509,0.060726100113242865
24,BL-m,0.05590009316802025,0.08610728615894914,0.07100368896499276
24,RL-m,0.06233797520399094,0.03463461883366108,0.04848629832267761
24,CEJ-d,0.05499887838959694,0.01599999365862459,0.03549943584948778
24,BL-d,0.05753235472366214,0.04576048441231251,0.05164641933515668
24,RL-d,0.06356486454606056,0.05263717323541641,0.058101017773151395
24,RL-c,0.061501539498567584,0.04333097077906132,0.052416256815195086
24,FA,0.05824171900749207,0.02702428139746189,0.042633000016212466
24,FBL-m,0.0578467421233654,0.03865809291601181,0.048252417147159575
24,FBL-d,0.058480053395032885,0.022632995806634425,0.04055652543902397
25,CEJ-m,0.05585233401507139,0.06095029041171074,0.05840131314471364
25,BL-m,0.054704721085727215,0.08094011805951595,0.06782242003828287
25,RL-m,0.06229942739009857,0.03286979719996452,0.047584612667560575
25,CEJ-d,0.05397816514596343,0.014099364809226245,0.034038765355944633
25,BL-d,0.05654335021972656,0.042321321088820696,0.04943233588710427
25,RL-d,0.06303761377930642,0.049036428332328796,0.056037021428346635
25,RL-c,0.060886898636817934,0.04117202162742615,0.05102946013212204
25,FA,0.05868130028247833,0.02587983161211014,0.04228056520223618
25,FBL-m,0.058432189375162126,0.037592615187168124,0.04801240265369415
25,FBL-d,0.05938321277499199,0.021620490401983262,0.04050185084342957
26,CEJ-m,0.05433740792796016,0.05879774782806635,0.05656757717952132
26,BL-m,0.05300894984975457,0.0780573096126318,0.06553312949836254
26,RL-m,0.0626539021730423,0.03274824693799019,0.04770107418298721
26,CEJ-d,0.05468415608629584,0.014383262663614005,0.034533709520474076
26,BL-d,0.05640621529892087,0.04093157546594739,0.04866889538243413
26,RL-d,0.062261884659528734,0.04814762622117996,0.055204755067825316
26,RL-c,0.0605896070599556,0.04127607997506857,0.05093284398317337
26,FA,0.06040929853916168,0.026154379546642303,0.04328183904290199
26,FBL-m,0.06169273555278778,0.036649147793650624,0.049170941859483716
26,FBL-d,0.060731105506420135,0.022650955617427825,0.04169102981686592
27,CEJ-m,0.0529505331069231,0.05650951061397791,0.054730021860450506
27,BL-m,0.05131927039474249,0.0749827641993761,0.06315101822838187
27,RL-m,0.0623638741672039,0.0300277903676033,0.046195832639932634
27,CEJ-d,0.05604689475148916,0.013644004066009074,0.034845449263229966
27,BL-d,0.05720721697434783,0.03848443180322647,0.047845824621617794
27,RL-d,0.06210692301392555,0.04450690820813179,0.05330691561102867
27,RL-c,0.06011697202920914,0.04058301039040089,0.0503499910235405
27,FA,0.06352521479129791,0.02363819256424904,0.043581704050302504
27,FBL-m,0.06521296501159668,0.03435094505548477,0.049781955778598785
27,FBL-d,0.06332934573292733,0.01997802797704935,0.04165368676185608
28,CEJ-m,0.0524599333293736,0.05311632249504328,0.05278812698088586
28,BL-m,0.05039324425160885,0.07178164063952863,0.06108744302764535
28,RL-m,0.06261495128273964,0.028667630255222322,0.04564129039645195
28,CEJ-d,0.05272369785234332,0.013458124711178243,0.03309091064147651
28,BL-d,0.054819838143885136,0.03713738499209285,0.04597861133515835
28,RL-d,0.061729705333709715,0.042748046666383745,0.05223887637257576
28,RL-c,0.05999491810798645,0.03736100494861603,0.04867796152830124
28,FA,0.05673137381672859,0.022135272994637488,0.039433322846889496
28,FBL-m,0.05723220333456993,0.031344912573695184,0.04428855776786804
28,FBL-d,0.05711041465401649,0.018533095344901086,0.037821754813194275
29,CEJ-m,0.051190711092203856,0.05133144254796207,0.05126107670366764
29,BL-m,0.04871722171083093,0.06813734932802618,0.05842728540301323
29,RL-m,0.06216183751821518,0.028486653044819833,0.04532424509525299
29,CEJ-d,0.05378098459914327,0.012061548884958029,0.032921267207711935
29,BL-d,0.05470927432179451,0.03474937193095684,0.044729323126375675
29,RL-d,0.06157878562808037,0.040044959634542465,0.05081187188625336
29,RL-c,0.0602936752140522,0.03518887832760811,0.047741276770830156
29,FA,0.059421242028474805,0.02192126475274563,0.040671253204345705
29,FBL-m,0.05871614515781402,0.03107254169881344,0.04489434286952019
29,FBL-d,0.06068834364414215,0.018993290700018407,0.03984081745147705
30,CEJ-m,0.049790572840720415,0.05020008864812553,0.04999533109366894
30,BL-m,0.04870896274223924,0.06622426630929112,0.05746661406010389
30,RL-m,0.062365639954805374,0.027328168973326683,0.044846905022859575
30,CEJ-d,0.05177190341055393,0.011552596057299525,0.03166224993765354
30,BL-d,0.053666635416448116,0.03315661370288581,0.04341162461787462
30,RL-d,0.06150710955262184,0.03790631406009197,0.04970671087503433
30,RL-c,0.05954087898135185,0.03465715181082487,0.04709901586174965
30,FA,0.05561663582921028,0.02120088189840317,0.03840875849127769
30,FBL-m,0.05542675778269768,0.029460658505558967,0.04244370758533478
30,FBL-d,0.05651688054203987,0.01931118853390217,0.03791403472423553
31,CEJ-m,0.048689312767237425,0.04791793506592512,0.04830362414941192
31,BL-m,0.04899576772004366,0.06385937612503767,0.05642757145687938
31,RL-m,0.061254752427339555,0.02442956157028675,0.04284215644001961
31,CEJ-d,0.04927727300673723,0.012122309184633195,0.03069979092106223
31,BL-d,0.05263458704575896,0.031880723778158426,0.04225765448063612
31,RL-d,0.06283973082900048,0.0346280574798584,0.04873389452695846
31,RL-c,0.05952904522418976,0.034129081107676026,0.046829063445329666
31,FA,0.0576417587697506,0.01875557377934456,0.03819866627454758
31,FBL-m,0.05609180331230164,0.026090095564723016,0.04109094887971878
31,FBL-d,0.05892128646373749,0.016100517846643923,0.03751090168952942
32,CEJ-m,0.04666112642735243,0.04572537541389465,0.046193251153454185
32,BL-m,0.04759747767820954,0.0606414251960814,0.0541194505058229
32,RL-m,0.06175249963998795,0.024384066835045813,0.04306828305125236
32,CEJ-d,0.04650779766961932,0.01129391707945615,0.02890085754916072
32,BL-d,0.05251495447009802,0.03017054102383554,0.04134274646639824
32,RL-d,0.06422821283340455,0.03351006433367729,0.048869138956069945
32,RL-c,0.057872145622968676,0.03148677796125412,0.044679461419582366
32,FA,0.05582206770777702,0.01879606079310179,0.03730906397104263
32,FBL-m,0.054427991062402724,0.025691984221339226,0.040059986710548404
32,FBL-d,0.057292552292346956,0.016565334424376486,0.03692894354462624
33,CEJ-m,0.04719023918733001,0.04437333717942238,0.04578178818337619
33,BL-m,0.04751291451975703,0.059714578092098236,0.05361374653875828
33,RL-m,0.060750629752874374,0.023501997254788874,0.04212631359696388
33,CEJ-d,0.051470966544002295,0.010732877970440313,0.031101921806111932
33,BL-d,0.05410990212112665,0.029005174175836146,0.04155753762461245
33,RL-d,0.06409471407532692,0.033987906947731975,0.04904131144285202
33,RL-c,0.05908163636922836,0.03031490296125412,0.04469826966524124
33,FA,0.06646197736263275,0.01811830010265112,0.04229013845324516
33,FBL-m,0.06606988981366158,0.02555045820772648,0.045810173451900485
33,FBL-d,0.06581678092479706,0.015623420849442482,0.04072010070085526
34,CEJ-m,0.045639102812856436,0.042295079212635756,0.04396709054708481
34,BL-m,0.04588712053373456,0.05623744195327163,0.051062280777841806
34,RL-m,0.06017352268099785,0.02129654008895159,0.04073503091931343
34,CEJ-d,0.04843891505151987,0.009614498441806063,0.029026706470176578
34,BL-d,0.05133604910224676,0.027418847428634763,0.03937744814902544
34,RL-d,0.06414706185460091,0.031813458725810054,0.047980260103940964
34,RL-c,0.0576255314052105,0.030427621304988862,0.04402657598257065
34,FA,0.05960378423333168,0.016945992782711982,0.03827488794922829
34,FBL-m,0.058448733389377595,0.024010593071579933,0.04122966304421425
34,FBL-d,0.05967227220535278,0.014305922202765942,0.03698909655213356
35,CEJ-m,0.04424764961004257,0.04110400681383908,0.04267582902684808
35,BL-m,0.04569677775725722,0.05488764890469611,0.05029221344739199
35,RL-m,0.061391016095876695,0.020110730826854707,0.04075087383389473
35,CEJ-d,0.04309869837015867,0.009239474340574816,0.02616908634081483
35,BL-d,0.052458998281508684,0.027438577148132026,0.03994878847151995
35,RL-d,0.0641186274588108,0.029587185382843016,0.04685290679335594
35,RL-c,0.05676005259156227,0.029927784390747548,0.04334391802549362
35,FA,0.0627000480890274,0.01666697021573782,0.03968350887298584
35,FBL-m,0.061236513406038286,0.02393229231238365,0.04258440360426903
35,FBL-d,0.06488750949501991,0.014339792635291814,0.03961365148425102
36,CEJ-m,0.04200964793562889,0.03847268910612911,0.040241169510409236
36,BL-m,0.04301302181556821,0.051924534840509295,0.047468777280300856
36,RL-m,0.06304276064038276,0.019645720906555652,0.0413442425429821
36,CEJ-d,0.04071215819567442,0.008722261292859912,0.024717209860682487
36,BL-d,0.04999126261100173,0.025560357607901096,0.03777581034228206
36,RL-d,0.06451451480388641,0.028748591616749763,0.04663155302405357
36,RL-c,0.05874728560447693,0.027452271431684494,0.04309977814555168
36,FA,0.05112540647387505,0.016156058199703692,0.03364073187112808
36,FBL-m,0.05404793992638588,0.02273465245962143,0.038391295820474625
36,FBL-d,0.050524599850177765,0.014602032769471408,0.03256331644952297
37,CEJ-m,0.042017390951514244,0.037479879800230265,0.0397486356087029
37,BL-m,0.04130136640742421,0.05108097125776112,0.04619116894900799
37,RL-m,0.05960708037018776,0.018057558313012124,0.038832318782806394
37,CEJ-d,0.04076717607676983,0.009656565118348226,0.025211870670318604
37,BL-d,0.045220397878438234,0.02453355712350458,0.034876977326348424
37,RL-d,0.06339294388890267,0.027466894686222078,0.0454299196600914
37,RL-c,0.057129786163568494,0.0280002074316144,0.04256499633193016
37,FA,0.05211272686719894,0.014539833553135395,0.03332627974450588
37,FBL-m,0.05191256925463676,0.0202113626524806,0.03606196641921997
37,FBL-d,0.05133514255285263,0.01309560276567936,0.03221537247300148
38,CEJ-m,0.04063652455806732,0.035880206734873354,0.038258366053923965
38,BL-m,0.042233599815517664,0.048326505813747644,0.04528005234897137
38,RL-m,0.06470785811543464,0.01912848688662052,0.0419181726872921
38,CEJ-d,0.04085838608443737,0.008499532617861405,0.02467895927838981
38,BL-d,0.04823742527514696,0.022988161304965615,0.035612792475149035
38,RL-d,0.06103447452187538,0.028472090885043145,0.04475328177213669
38,RL-c,0.05794171988964081,0.026770807430148126,0.04235626384615898
38,FA,0.055392949283123015,0.015677002631127833,0.035534975305199626
38,FBL-m,0.055644846707582477,0.020595889911055563,0.03812036737799644
38,FBL-d,0.055054574459791186,0.014323527459055185,0.03468905165791512
39,CEJ-m,0.04140915395691991,0.03499319078400731,0.03820117306895554
39,BL-m,0.04146678652614355,0.04541521449573338,0.04344100062735379
39,RL-m,0.05856562554836273,0.018565620109438897,0.03856562301516533
39,CEJ-d,0.04050746117718518,0.00790788559243083,0.024207673268392682
39,BL-d,0.04340310022234917,0.021988695254549384,0.0326958978548646
39,RL-d,0.06048084124922752,0.027220749482512473,0.0438507966697216
39,RL-c,0.05826758667826652,0.026106220856308936,0.042186903208494185
39,FA,0.04938454106450081,0.015209933556616307,0.0322972372174263
39,FBL-m,0.05016948208212853,0.020460458286106587,0.0353149700909853
39,FBL-d,0.05007728859782219,0.014369476586580276,0.03222338296473026
40,CEJ-m,0.04386040614917874,0.03237845283001661,0.038119429955258965
40,BL-m,0.04472159966826439,0.044667627895250916,0.04469461366534233
40,RL-m,0.06000717282295227,0.016291762329638006,0.03814946711063385
40,CEJ-d,0.041900744661688805,0.007666287245228887,0.024783515837043524
40,BL-d,0.04749780893325806,0.02142907225061208,0.03446344076655805
40,RL-d,0.06057416126132011,0.025876517593860626,0.04322533905506134
40,RL-c,0.05434625446796417,0.025265839137136935,0.03980604708194733
40,FA,0.05223604291677475,0.013250415027141572,0.03274322859942913
40,FBL-m,0.053303730487823484,0.01792008727788925,0.0356119092553854
40,FBL-d,0.05151994451880455,0.012091270461678506,0.03180560730397701
41,CEJ-m,0.038216507295146585,0.03242806636262685,0.03532228711992502
41,BL-m,0.03895555669441819,0.04360885685309768,0.04128220654092729
41,RL-m,0.0581555999815464,0.016296611353754997,0.03722610585391521
41,CEJ-d,0.0399107881821692,0.008010961551917717,0.023960874881595373
41,BL-d,0.04221771936863661,0.02183888864237815,0.032028303714469075
41,RL-d,0.05969158858060837,0.025368832424283026,0.042530210316181184
41,RL-c,0.05299620926380157,0.02448310125619173,0.038739655166864395
41,FA,0.051580452173948285,0.013253261521458625,0.032416857033967975
41,FBL-m,0.05055392980575561,0.017667042650282384,0.03411048650741577
41,FBL-d,0.05229958593845367,0.012342141289263964,0.032320864126086236
42,CEJ-m,0.03862462216056883,0.030549046932719648,0.034586834255605936
42,BL-m,0.038847151678055525,0.0410334044136107,0.03994027781300247
42,RL-m,0.05558230429887771,0.015337646938860416,0.03545997478067875
42,CEJ-d,0.04251842945814133,0.006677015189779922,0.024597722571343184
42,BL-d,0.04590070666745305,0.019781991955824196,0.032841349486261606
42,RL-d,0.05779895260930061,0.0233620410785079,0.04058049693703651
42,RL-c,0.05517415776848793,0.02159677091985941,0.038385464996099475
42,FA,0.05357624813914299,0.012396369222551584,0.03298630863428116
42,FBL-m,0.05379340797662735,0.017099768109619617,0.0354465875774622
42,FBL-d,0.053627080470323565,0.011127617955207825,0.032377348840236665
43,CEJ-m,0.034836797742173076,0.030530689749866724,0.032683744095265865
43,BL-m,0.035293361404910684,0.03996331663802266,0.037628339137881994
43,RL-m,0.05382617190480232,0.01652883253991604,0.03517750203609467
43,CEJ-d,0.03920130990445614,0.006844522285973653,0.02302291593514383
43,BL-d,0.04164515808224678,0.019375964999198914,0.030510561307892203
43,RL-d,0.05848439559340477,0.023683296330273152,0.041083845496177676
43,RL-c,0.05275215432047844,0.02260527852922678,0.037678715959191325
43,FA,0.04851045235991478,0.013226080313324928,0.03086826652288437
43,FBL-m,0.04851940199732781,0.017730235122144222,0.033124818652868274
43,FBL-d,0.04874400794506073,0.012135501578450203,0.03043975532054901
44,CEJ-m,0.03329983470030129,0.02930791676044464,0.03130387549754232
44,BL-m,0.03484952659346163,0.038209847174584866,0.03652968676760793
44,RL-m,0.05320344790816307,0.01595054715871811,0.03457699790596962
44,CEJ-d,0.035584688652306795,0.006722593039739877,0.021153640933334827
44,BL-d,0.03816777956672013,0.019208231824450195,0.028688005404546857
44,RL-d,0.05585692673921585,0.022571229934692384,0.03921407833695412
44,RL-c,0.058365754783153534,0.022725551016628744,0.04054565280675888
44,FA,0.046808522939682004,0.012676503509283066,0.029742513597011567
44,FBL-m,0.04716096594929695,0.01664786823093891,0.031904416903853414
44,FBL-d,0.047687876224517825,0.011996553838253021,0.029842215403914452
45,CEJ-m,0.030963301891461015,0.028245274093933403,0.029604288516566157
45,BL-m,0.03268652083352208,0.03781495941802859,0.035250739892944694
45,RL-m,0.050993235781788826,0.01425995361059904,0.032626595348119736
45,CEJ-d,0.034904760774225,0.007110052014468238,0.02100740629248321
45,BL-d,0.03940621763467789,0.018623205018229783,0.02901471103541553
45,RL-d,0.05576284974813461,0.020857635699212552,0.03831024244427681
45,RL-c,0.055077946931123736,0.02076543923467398,0.037921692430973056
45,FA,0.04887333363294601,0.011544752586632966,0.030209042876958848
45,FBL-m,0.04930301532149315,0.015028218366205692,0.03216561675071716
45,FBL-d,0.04843959510326386,0.010670201014727354,0.02955489791929722
46,CEJ-m,0.03152690175920725,0.028489847667515278,0.030008374946191907
46,BL-m,0.033065489726141095,0.03692037507425994,0.0349929325748235
46,RL-m,0.057943884283304214,0.01639295890927315,0.03716842159628868
46,CEJ-d,0.03997306548990309,0.006887114315759391,0.02343008969910443
46,BL-d,0.044756812043488026,0.018390747136436403,0.03157377988100052
46,RL-d,0.05925697982311249,0.02276407405734062,0.041010526567697526
46,RL-c,0.05319925397634506,0.02050633793696761,0.036852796003222464
46,FA,0.0409172210842371,0.012993821129202842,0.02695552110671997
46,FBL-m,0.04371951669454575,0.01663512047380209,0.030177318304777146
46,FBL-d,0.03867795839905739,0.01366192176938057,0.02616994045674801
47,CEJ-m,0.0362599641084671,0.028292280388996005,0.032276122365146875
47,BL-m,0.030079696560278535,0.03741088695824146,0.033745292108505964
47,RL-m,0.066626937687397,0.013143004104495048,0.03988497108221054
47,CEJ-d,0.03746742312796414,0.007636718422872946,0.0225520710228011
47,BL-d,0.034241889137774706,0.019357247976586223,0.026799568440765142
47,RL-d,0.06423770859837533,0.02039014659821987,0.04231392666697502
47,RL-c,0.04732014760375023,0.022074431739747526,0.034697290509939194
47,FA,0.04122670665383339,0.010629370342940092,0.025928038731217386
47,FBL-m,0.04269226491451263,0.014227144047617912,0.02845970429480076
47,FBL-d,0.03949805200099945,0.01020523551851511,0.024851643294095994
48,CEJ-m,0.03079029219225049,0.025839393434580415,0.028314843075349927
48,BL-m,0.032092835986986756,0.03456585225649178,0.03332934435456991
48,RL-m,0.06428013145923614,0.012542984448373318,0.038411558419466016
48,CEJ-d,0.038119609002023935,0.005893875990295783,0.022006742539815605
48,BL-d,0.03601577994413674,0.017744615441188216,0.02688019722700119
48,RL-d,0.060304568707942964,0.019692722335457803,0.03999864608049393
48,RL-c,0.04633964821696281,0.02049815384671092,0.03341890163719654
48,FA,0.039348927512764934,0.010400161799043416,0.024874544143676756
48,FBL-m,0.03985193930566311,0.014186321198940277,0.02701912969350815
48,FBL-d,0.0353383906185627,0.009603751171380282,0.022471070848405363
49,CEJ-m,0.028427427052520216,0.02668890729546547,0.02755816711578518
49,BL-m,0.029537327121943235,0.03436924691777676,0.03195328637957573
49,RL-m,0.060813314467668536,0.014600706845521927,0.03770701065659523
49,CEJ-d,0.03299130336381495,0.006037953513441607,0.019514628686010838
49,BL-d,0.03377309045754373,0.017793871054891497,0.02578348061069846
49,RL-d,0.0556431844830513,0.021267129480838774,0.038455156981945036
49,RL-c,0.04980264604091644,0.018611462879925968,0.03420705422759056
49,FA,0.03286224864423275,0.011990882642567157,0.02242656536400318
49,FBL-m,0.035624774917960164,0.015947159379720688,0.025785967335104944
49,FBL-d,0.03113091494888067,0.011714170686900616,0.0214225422590971
50,CEJ-m,0.032642767066136,0.02412474184529856,0.028383754193782806
50,BL-m,0.03591711004264653,0.03293397545348853,0.03442554268985987
50,RL-m,0.05539167672395706,0.0125534076243639,0.033972542360425
50,CEJ-d,0.03825314366258681,0.005405074029113166,0.021829108707606792
50,BL-d,0.04022849723696709,0.016590054845437407,0.028409276623278856
50,RL-d,0.051605991274118426,0.018466080725193023,0.035036035999655726
50,RL-c,0.04480605348944664,0.01768290502950549,0.031244479492306708
50,FA,0.037872510775923726,0.010005999356508255,0.023939254879951476
50,FBL-m,0.037461192533373835,0.013233907334506512,0.025347549840807913
50,FBL-d,0.035667389258742334,0.009124872833490371,0.022396130859851836
51,CEJ-m,0.037344184471294284,0.026963939075358212,0.03215406183153391
51,BL-m,0.03492209350224584,0.03414273867383599,0.034532416611909866
51,RL-m,0.04990258552134037,0.015880370512604713,0.03289147838950157
51,CEJ-d,0.037738575134426355,0.0074675645446404815,0.022603069664910436
51,BL-d,0.039172151358798146,0.017886725370772183,0.028529438190162182
51,RL-d,0.052629854530096054,0.021252021379768848,0.036940938979387286
51,RL-c,0.049358125776052475,0.02069765906780958,0.03502789288759232
51,FA,0.041051460057497026,0.012979399599134921,0.027015430480241777
51,FBL-m,0.043378081545233725,0.016530591808259488,0.02995433621108532
51,FBL-d,0.046199018508195876,0.013569246884435416,0.029884131997823714
52,CEJ-m,0.03154103318229318,0.026358843897469342,0.02894993859808892
52,BL-m,0.03402124217245728,0.03608770668506622,0.03505447437055409
52,RL-m,0.04767956919968128,0.012733082100749017,0.03020632602274418
52,CEJ-d,0.03111622203141451,0.008137645432725549,0.019626933964900672
52,BL-d,0.03642740519717336,0.019329249509610236,0.027878327760845423
52,RL-d,0.04788769111037254,0.018386858329176903,0.03313727490603924
52,RL-c,0.03920959979295731,0.022192813083529474,0.030701206251978874
52,FA,0.04116097167134285,0.010031922347843647,0.02559644728899002
52,FBL-m,0.040591639652848246,0.012616767734289169,0.02660420387983322
52,FBL-d,0.03977896124124527,0.00934649035334587,0.024562725611031056
53,CEJ-m,0.03148714976850897,0.026834035757929087,0.02916059293784201
53,BL-m,0.029236156959086657,0.033277090173214674,0.03125662379898131
53,RL-m,0.04599676914513111,0.014271894469857216,0.030134331807494162
53,CEJ-d,0.029222385492175817,0.007394371030386537,0.018308378290385008
53,BL-d,0.03112563560716808,0.017724199569784105,0.02442491753026843
53,RL-d,0.04567751064896584,0.019111538492143153,0.03239452503621578
53,RL-c,0.03886441923677921,0.020938284508883954,0.029901352152228354
53,FA,0.03240378051996231,0.011313796043395996,0.021858788654208185
53,FBL-m,0.03190194107592106,0.014508189260959625,0.023205065354704856
53,FBL-d,0.030725973099470137,0.0114918515086174,0.021108912490308284
54,CEJ-m,0.02684199099894613,0.023650069371797144,0.025246030651032925
54,BL-m,0.026658725924789906,0.030112242209725082,0.0283854843582958
54,RL-m,0.045618831738829614,0.014698312431573868,0.030158571898937225
54,CEJ-d,0.029200782300904393,0.005976466462016106,0.017588624265044928
54,BL-d,0.032385986763983965,0.016166200046427548,0.02427609357982874
54,RL-d,0.04583979099988937,0.019371898844838142,0.032605844736099246
54,RL-c,0.03554038666188717,0.018201093748211862,0.026870740205049516
54,FA,0.031099371239542963,0.01188237126916647,0.021490871720016003
54,FBL-m,0.034082910791039464,0.014887826144695282,0.02448536828160286
54,FBL-d,0.029871028661727906,0.012041435297578573,0.020956232398748397
55,CEJ-m,0.02257801976520568,0.024248393950983882,0.023413206567056477
55,BL-m,0.02154427662026137,0.032944353646598756,0.027244315249845386
55,RL-m,0.04686916433274746,0.013169010542333126,0.03001908753067255
55,CEJ-d,0.02932820189744234,0.006939512328244746,0.01813385693822056
55,BL-d,0.02879161201417446,0.017694108304567635,0.023242859868332744
55,RL-d,0.06590284556150436,0.01831043269485235,0.04210663922131062
55,RL-c,0.03199935518205166,0.02110543679445982,0.026552395522594453
55,FA,0.02863488905131817,0.011003561504185199,0.019819225184619427
55,FBL-m,0.029979533702135085,0.013664968498051166,0.0218222513794899
55,FBL-d,0.028375785425305368,0.011093456763774157,0.01973462142050266
56,CEJ-m,0.020320166368037462,0.023696258547715843,0.022008212166838348
56,BL-m,0.020231337286531925,0.03128102724440396,0.025756182265467942
56,RL-m,0.04989698864519596,0.011124875769019127,0.030510932579636572
56,CEJ-d,0.024069625069387257,0.0066244027111679316,0.015347013832069933
56,BL-d,0.0268215574324131,0.016681206703651696,0.021751381922513247
56,RL-d,0.05328846126794815,0.016230349987745286,0.03475940562784672
56,RL-c,0.03261736072599888,0.01886605564504862,0.025741708278656007
56,FA,0.03305294439196586,0.008825789578258992,0.020939367078244685
56,FBL-m,0.03372298739850521,0.011318423599004746,0.02252070587128401
56,FBL-d,0.030972077697515487,0.00829765098169446,0.01963486485183239
57,CEJ-m,0.018097177264280617,0.022743325564078987,0.020420251647010446
57,BL-m,0.017889081151224673,0.028667444130405784,0.023278263164684176
57,RL-m,0.048270538449287415,0.013770982995629311,0.031020760536193848
57,CEJ-d,0.02462385024409741,0.005645634257234633,0.015134742250666022
57,BL-d,0.02580900688190013,0.014993761491496116,0.020401384332217276
57,RL-d,0.052414221689105034,0.019450495578348638,0.035932357981801034
57,RL-c,0.029602954164147377,0.017386973183602095,0.023494963347911835
57,FA,0.02625878304243088,0.010999928321689367,0.01862935572862625
57,FBL-m,0.027485015988349914,0.013390079513192177,0.0204375471919775
57,FBL-d,0.024279936961829663,0.010612936969846488,0.01744643710553646
58,CEJ-m,0.015762672876007855,0.021391761605627835,0.01857721759006381
58,BL-m,0.014539134746883065,0.026500609703361988,0.020519872196018696
58,RL-m,0.04619501642882824,0.011219200771301984,0.028707108460366726
58,CEJ-d,0.02305851795244962,0.004819783411221579,0.013939150725491345
58,BL-d,0.024145002360455692,0.013012334587983787,0.018578668357804418
58,RL-d,0.0463305838406086,0.016161724738776685,0.0312461543828249
58,RL-c,0.029309020563960075,0.015929341968148946,0.022619181498885154
58,FA,0.029193773120641708,0.00854817982763052,0.018870976567268372
58,FBL-m,0.029811667650938033,0.011311650834977626,0.020561659522354604
58,FBL-d,0.027142192982137204,0.00826150607317686,0.017701849713921546
59,CEJ-m,0.014713448588736355,0.02067210094537586,0.01769277499988675
59,BL-m,0.014370501041412354,0.025634509045630693,0.0200025049271062
59,RL-m,0.04589899461716414,0.01031121937558055,0.028105107508599757
59,CEJ-d,0.01755088462959975,0.005023629841161892,0.011287257308140397
59,BL-d,0.021826079348102212,0.012558539223391563,0.017192309256643057
59,RL-d,0.04626927301287651,0.015069532394409179,0.030669402703642844
59,RL-c,0.02507477141916752,0.015464088134467601,0.0202694296836853
59,FA,0.027542656287550926,0.007714081089943647,0.017628368549048902
59,FBL-m,0.027379096299409867,0.010365816205739975,0.018872456252574922
59,FBL-d,0.02648930288851261,0.007679765485227108,0.01708453446626663
60,CEJ-m,0.010244861157843843,0.02030091150663793,0.01527288625948131
60,BL-m,0.0108304662280716,0.025178619544021785,0.01800454268231988
60,RL-m,0.03862881325185299,0.010122122708708048,0.024375467747449874
60,CEJ-d,0.017229368560947478,0.005475807382026687,0.011352588189765811
60,BL-d,0.01851923600770533,0.012769031221978366,0.015644133905880153
60,RL-d,0.03878408931195736,0.014942778646945954,0.0268634345382452
60,RL-c,0.021787258610129357,0.0159427628852427,0.018865010887384414
60,FA,0.026657193154096603,0.007509763818234205,0.017083478905260564
60,FBL-m,0.026855768263339998,0.00984499529004097,0.018350381590425967
60,FBL-d,0.02526920959353447,0.007553297095000744,0.01641125325113535
61,CEJ-m,0.008758209965890273,0.018998889136128128,0.013878549449145794
61,BL-m,0.009909962012898177,0.023725651437416673,0.016817806754261255
61,RL-m,0.03688236270099878,0.009563277754932643,0.023222820460796358
61,CEJ-d,0.01508165872655809,0.005031446344219148,0.010056552535388619
61,BL-d,0.019273893907666206,0.01177079975605011,0.015522346831858158
61,RL-d,0.03694572634994984,0.014282943308353424,0.0256143344566226
61,RL-c,0.019784217327833177,0.014944255817681551,0.017364236526191235
61,FA,0.02500771973282099,0.007103791926056147,0.016055755876004697
61,FBL-m,0.024891078285872937,0.009470567386597396,0.017180822603404523
61,FBL-d,0.023359384573996066,0.007098408602178097,0.015228896960616111
62,CEJ-m,0.00867762792040594,0.018760169623419642,0.013718898757360876
62,BL-m,0.008178382238838822,0.02298982674255967,0.015584104228764772
62,RL-m,0.033897797018289565,0.00904548242688179,0.02147163972258568
62,CEJ-d,0.013704915647394955,0.0048880048270802945,0.00929646025178954
62,BL-d,0.016133643104694784,0.010969356691930443,0.013551500043831766
62,RL-d,0.03603342957794666,0.013250524178147316,0.02464197650551796
62,RL-c,0.016963325068354608,0.013957894872874022,0.015460609830915928
62,FA,0.0233557203784585,0.006723709031939506,0.015039714705199003
62,FBL-m,0.02323003988713026,0.009255796018987895,0.016242917999625205
62,FBL-d,0.022102302126586437,0.007011036388576031,0.01455666935071349
63,CEJ-m,0.012613688362762332,0.017766747740097344,0.01519021822605282
63,BL-m,0.00964103388832882,0.022082644747570157,0.015861839521676302
63,RL-m,0.029845184832811355,0.009779657516628504,0.0198124211281538
63,CEJ-d,0.013724856195040047,0.004521332375588827,0.009123094205278903
63,BL-d,0.015792481251992285,0.01070427568629384,0.013248378410935402
63,RL-d,0.03263218179345131,0.014030648674815894,0.023331415466964246
63,RL-c,0.015436173602938651,0.01420849859714508,0.014822336100041866
63,FA,0.017710561119019985,0.007215806562453508,0.01246318370103836
63,FBL-m,0.019253761135041715,0.009681166615337133,0.014467463456094265
63,FBL-d,0.015549887157976627,0.007506993040442467,0.011528440192341805
64,CEJ-m,0.018267744657350704,0.019199032220058143,0.018733388162218034
64,BL-m,0.012184636201709509,0.022918330738320947,0.01755148370284587
64,RL-m,0.0295107452198863,0.00844250600785017,0.018976625800132752
64,CEJ-d,0.01491527259349823,0.005192505050217733,0.01005388906924054
64,BL-d,0.015222906600683928,0.010453243914525956,0.012838075403124094
64,RL-d,0.03330039903521538,0.012688831426203251,0.022994615510106085
64,RL-c,0.013018890842795372,0.012733765412122011,0.012876328080892563
64,FA,0.017970744520425797,0.006121054291725159,0.012045899592339992
64,FBL-m,0.019354415684938432,0.008515662048012018,0.013935039192438126
64,FBL-d,0.015173869207501411,0.006929617933928966,0.011051743756979704
65,CEJ-m,0.014440826780628413,0.016112122510094196,0.015276474878191948
65,BL-m,0.011108001810498536,0.020633013104088604,0.01587050745729357
65,RL-m,0.02514764778316021,0.00885339817032218,0.017000523023307325
65,CEJ-d,0.01746915519470349,0.004377215009299107,0.01092318503651768
65,BL-d,0.015306334011256695,0.010182255762629211,0.012744294886942953
65,RL-d,0.03456737697124481,0.013131082616746425,0.023849229887127878
65,RL-c,0.01763322949409485,0.013454438373446464,0.015543833933770656
65,FA,0.01644808053970337,0.0068677895236760374,0.01165793500840664
65,FBL-m,0.017643265798687933,0.008583682775497436,0.013113474287092686
65,FBL-d,0.013817430473864079,0.006917688995599747,0.010367559548467398
66,CEJ-m,0.007634132576640695,0.01750840456224978,0.012571268365718424
66,BL-m,0.008211954147554934,0.02113010233733803,0.014671028300654143
66,RL-m,0.02508316431194544,0.008369797188788653,0.016726481169462203
66,CEJ-d,0.012096206599380821,0.004882325883954763,0.008489266270771623
66,BL-d,0.013644465245306492,0.010021241498179734,0.011832853662781417
66,RL-d,0.033703844994306564,0.012590470165014267,0.023147157579660415
66,RL-c,0.017338897660374643,0.01163625493645668,0.014487576112151146
66,FA,0.014927918650209903,0.0060434754006564615,0.010485697165131569
66,FBL-m,0.01615360174328089,0.008034847956150771,0.0120942248031497
66,FBL-d,0.014193816855549813,0.007086094561964273,0.010639955848455429
67,CEJ-m,0.005314607376931235,0.017289094510488212,0.011301850958261639
67,BL-m,0.006332520744763315,0.020701228291727602,0.013516874518245459
67,RL-m,0.019600360468029977,0.007563480827957392,0.01358192078769207
67,CEJ-d,0.00998279609484598,0.004744189413031563,0.0073634927393868566
67,BL-d,0.01380502653773874,0.009368621569592506,0.011586823966354132
67,RL-d,0.024560053274035452,0.011911867931485177,0.01823596078902483
67,RL-c,0.009840509481728077,0.010946289356797933,0.010393399558961392
67,FA,0.013986079022288322,0.005319709051400423,0.009652894362807274
67,FBL-m,0.015175508707761765,0.007149485312402249,0.011162497103214264
67,FBL-d,0.011426805704832076,0.00634989831596613,0.00888835173100233
68,CEJ-m,0.006383716914569959,0.01660240616183728,0.011493061494547874
68,BL-m,0.005834983370732516,0.019898139871656895,0.012866561766713858
68,RL-m,0.016713068820536137,0.007556533487513661,0.01213480094447732
68,CEJ-d,0.008050192729569972,0.004517458044574596,0.006283825438003987
68,BL-d,0.014136502344626933,0.00881779461633414,0.011477148509584367
68,RL-d,0.02452103327959776,0.011872402299195528,0.018196717277169226
68,RL-c,0.010767198260873556,0.01050170036032796,0.010634449310600758
68,FA,0.015433603525161743,0.005392017168924212,0.010412810184061528
68,FBL-m,0.01621592715382576,0.0071893039159476755,0.011702615581452847
68,FBL-d,0.013776962086558342,0.006203329190611839,0.009990145824849606
69,CEJ-m,0.004972707014530897,0.016299445065669715,0.010636075923684984
69,BL-m,0.005125503288581967,0.018790825037285686,0.011958164046518505
69,RL-m,0.016614128928631546,0.0074085908941924575,0.012011360004544258
69,CEJ-d,0.0066318243043497205,0.0044390063849277794,0.005535415402846411
69,BL-d,0.011414225562475622,0.008295987907331437,0.009855107055045664
69,RL-d,0.019699214957654476,0.01138807674869895,0.0155436459928751
69,RL-c,0.00807420602068305,0.010132048605009913,0.00910312719643116
69,FA,0.012434443272650243,0.00515942252241075,0.008796932920813561
69,FBL-m,0.013022692501544952,0.00692679975181818,0.009974746126681566
69,FBL-d,0.010056694224476814,0.006119102938100696,0.00808789860457182
70,CEJ-m,0.004508315527345985,0.015865542576648295,0.010186929197516292
70,BL-m,0.005045174766564742,0.01795917341951281,0.011502174194902182
70,RL-m,0.01010178318247199,0.00709003834053874,0.00859591094776988
70,CEJ-d,0.005862243444425985,0.004289616961614229,0.005075930122984573
70,BL-d,0.010264267533784732,0.008097079524304718,0.00918067357270047
70,RL-d,0.016115915961563587,0.010837718285620213,0.0134768171235919
70,RL-c,0.007465456845238805,0.009362534759566188,0.008413995802402496
70,FA,0.013846982456743716,0.0050480013713240625,0.009447492100298405
70,FBL-m,0.014450449123978614,0.006846463587135076,0.010648456588387489
70,FBL-d,0.012037934176623822,0.005984975956380367,0.009011455159634352
71,CEJ-m,0.003618648217525333,0.016217154334299266,0.009917901130393147
71,BL-m,0.004041331703774631,0.017545207461807877,0.010793269611895084
71,RL-m,0.00886614117771387,0.007044520461931825,0.007955330796539784
71,CEJ-d,0.005145097587956116,0.004336097583291121,0.004740597680211067
71,BL-d,0.008804437005892396,0.008003932976862416,0.00840418491861783
71,RL-d,0.012190690357238054,0.010745951253920794,0.011468320526182652
71,RL-c,0.006136592337861657,0.009605245757848024,0.007870918884873391
71,FA,0.013172365725040436,0.004829942854121328,0.009001154266297818
71,FBL-m,0.012999790534377099,0.006666353391483426,0.009833071753382683
71,FBL-d,0.009771104156970977,0.005923949321731925,0.007847526762634515
72,CEJ-m,0.0035643591545522213,0.015910741174593568,0.009737550106365234
72,BL-m,0.0036252799327485263,0.016565530851949006,0.01009540562517941
72,RL-m,0.0071144565008580685,0.006332831457257271,0.006723644072189927
72,CEJ-d,0.004672627343097702,0.004029141593491659,0.004350884497398511
72,BL-d,0.008519930095644668,0.007677912624785677,0.00809892127290368
72,RL-d,0.013147778995335101,0.00996415400877595,0.011555966548621654
72,RL-c,0.004765774263069034,0.009342477237805725,0.007054125797003508
72,FA,0.0131026241928339,0.004156909743323922,0.008629766944795846
72,FBL-m,0.013255042023956776,0.005917150666937232,0.009586096554994584
72,FBL-d,0.00982185434550047,0.005110925855115056,0.007466389890760183
73,CEJ-m,0.0028361995646264404,0.0160720992134884,0.009454149403609335
73,BL-m,0.0032487715943716466,0.016008125559892505,0.009628448577132076
73,RL-m,0.0057847386226058005,0.006549480184912681,0.006167109403759241
73,CEJ-d,0.0042324982205173,0.003972364094806835,0.0041024311212822795
73,BL-d,0.00663368045934476,0.00817397836362943,0.007403829338727519
73,RL-d,0.008998207747936249,0.009983153454959393,0.009490680415183306
73,RL-c,0.003954855306074023,0.00934834536164999,0.006651600357145071
73,FA,0.012024390883743763,0.003913892805576325,0.007969141937792301
73,FBL-m,0.012223947420716285,0.005564764933660626,0.008894356060773134
73,FBL-d,0.009265276230871677,0.005152239464223385,0.007208757847547531
74,CEJ-m,0.003651038830867037,0.014487537613604218,0.009069288207683712
74,BL-m,0.0035182258288841695,0.01503061776747927,0.009274421841837466
74,RL-m,0.006535039702430368,0.006307848077267408,0.00642144400626421
74,CEJ-d,0.0038897668855497614,0.0035476464981911704,0.003718706691870466
74,BL-d,0.006404562765965238,0.00782650732435286,0.007115535176126286
74,RL-d,0.010814979206770658,0.009388360567390919,0.010101669933646917
74,RL-c,0.006308619026094675,0.009045969927683473,0.007677294500172138
74,FA,0.011623601242899895,0.003940613893792033,0.007782107684761286
74,FBL-m,0.01193705815821886,0.005518906889483333,0.008727982454001904
74,FBL-d,0.009475379809737205,0.004830451449379325,0.007152915466576815
75,CEJ-m,0.0027750197768909857,0.014155399228911847,0.008465209510177374
75,BL-m,0.002965243096696213,0.014845795987639576,0.008905519498512149
75,RL-m,0.00836432185024023,0.006477685505524277,0.00742100365459919
75,CEJ-d,0.0035030522558372468,0.0035356633161427453,0.003519357764162123
75,BL-d,0.006593309284653515,0.007375933899311349,0.006984621519222856
75,RL-d,0.01074321437627077,0.009299858752638102,0.010021536517888308
75,RL-c,0.01503215841948986,0.008890619175508619,0.011961388774216175
75,FA,0.011214895732700824,0.0037218818441033365,0.007468388788402081
75,FBL-m,0.011570881679654121,0.005205470276996494,0.008388176001608372
75,FBL-d,0.009108848311007023,0.00471544312313199,0.00691214557737112
76,CEJ-m,0.0023637328267795965,0.013895003823563457,0.008129368419758976
76,BL-m,0.0028798010607715696,0.01447085355175659,0.008675327524542809
76,RL-m,0.005775742698460817,0.006216076668351889,0.005995909590274096
76,CEJ-d,0.0033202016056748107,0.0033978565770667046,0.0033590290986467153
76,BL-d,0.005513114767381921,0.007074899069266394,0.006294006831012666
76,RL-d,0.0072383533231914045,0.00894009629264474,0.008089224807918072
76,RL-c,0.01305018151178956,0.008662405423820019,0.010856293514370919
76,FA,0.011181807145476341,0.0035288168117403986,0.0073553119786083695
76,FBL-m,0.011657245457172394,0.0049212514888495205,0.008289248310029506
76,FBL-d,0.00931063536554575,0.004403887921944261,0.00685726162046194
77,CEJ-m,0.003763040920603089,0.012754190131090581,0.008258615620434284
77,BL-m,0.00335711138905026,0.013879801554139704,0.008618456369731575
77,RL-m,0.0047158631030470135,0.005977851152420044,0.005346857104450464
77,CEJ-d,0.004157035029493272,0.003195176104782149,0.003676105523481965
77,BL-d,0.005036960064899176,0.006869247066788375,0.005953103594947606
77,RL-d,0.0058281274512410166,0.008322526328265667,0.007075326889753342
77,RL-c,0.007998160412535071,0.008318929839879275,0.008158544916659594
77,FA,0.01088671199977398,0.0034633509581908583,0.007175031397491693
77,FBL-m,0.011271686851978302,0.004770590178668499,0.008021138422191144
77,FBL-d,0.009166334941983222,0.0040244382806122305,0.006595386564731598
78,CEJ-m,0.004497402740526013,0.013562551699578762,0.009029977140016854
78,BL-m,0.003690004115924239,0.01377210661303252,0.008731055248063058
78,RL-m,0.002936771931126714,0.006217716680839658,0.004577244352549315
78,CEJ-d,0.003970882768044248,0.003378519686521031,0.003674701234558597
78,BL-d,0.004346998408436775,0.006712744041578844,0.0055298711522482336
78,RL-d,0.004814935941249132,0.009028787165880204,0.006921861646696925
78,RL-c,0.0028279500082135202,0.008031417522579432,0.0054296836722642185
78,FA,0.011643119528889656,0.0032136905239894984,0.007428405154496431
78,FBL-m,0.011697099916636944,0.004548947466537357,0.008123023621737956
78,FBL-d,0.009391804412007331,0.004301602626219392,0.006846703495830298
79,CEJ-m,0.0051968441548524424,0.01300067559350282,0.00909875996876508
79,BL-m,0.005010740846046247,0.013436402950901538,0.009223571862094104
79,RL-m,0.002628687210381031,0.005757437273859978,0.004193062242120504
79,CEJ-d,0.00447796042135451,0.003244112536776811,0.0038610364717897028
79,BL-d,0.0038829447730677202,0.006744973972672597,0.005313959438353777
79,RL-d,0.004958165483549238,0.008151182811707259,0.006554674077779055
79,RL-c,0.003544788248836994,0.008451998233795166,0.005998393148183822
79,FA,0.011306079849600793,0.003019689000211656,0.007162884436547756
79,FBL-m,0.011608053930103779,0.004248789907433092,0.007928421907126903
79,FBL-d,0.009518246352672576,0.0037422472378239036,0.006630246713757515
80,CEJ-m,0.0049296250799670815,0.0128564607584849,0.00889304291922599
80,BL-m,0.003948664350900799,0.013022544444538653,0.008485604368615896
80,RL-m,0.0024148515658453107,0.005587874399498105,0.004001362901180983
80,CEJ-d,0.003986492345575243,0.003034906752873212,0.003510699578328058
80,BL-d,0.003844197897706181,0.0059961054066661745,0.004920151754049584
80,RL-d,0.004958448582328856,0.008479227405041456,0.006718838028609753
80,RL-c,0.0030529709998518228,0.007367828208953142,0.005210399581119418
80,FA,0.010819549858570098,0.002838447852991521,0.0068289988674223425
80,FBL-m,0.011027091555297375,0.004066749406047165,0.007546920422464609
80,FBL-d,0.009116231836378575,0.003770752903074026,0.006443492323160172
81,CEJ-m,0.002802880044328049,0.01325724710477516,0.008030063530895859
81,BL-m,0.002479406146449037,0.013077012379653752,0.007778209139360115
81,RL-m,0.0038370975060388448,0.0059774246532469984,0.004907261021435261
81,CEJ-d,0.0027140217716805637,0.003194970835465938,0.0029544962744694203
81,BL-d,0.0024704416282474995,0.005999695276841521,0.004235068379784934
81,RL-d,0.004491220088675618,0.008527777530252934,0.006509498879313469
81,RL-c,0.002334477170370519,0.007195307407528162,0.004764892300590873
81,FA,0.01053597591817379,0.0027544311247766017,0.006645203568041325
81,FBL-m,0.010895558074116707,0.003964404971338808,0.007429981511086226
81,FBL-d,0.009247463010251523,0.00387253959197551,0.006560001242905855
82,CEJ-m,0.0031498735188506544,0.012121875770390034,0.007635874557308853
82,BL-m,0.002481903648003936,0.012535926594864577,0.007508915005018935
82,RL-m,0.004008798068389297,0.005178733309730887,0.004593765735626221
82,CEJ-d,0.0025266501907026395,0.0029129740069038235,0.002719812109717168
82,BL-d,0.0024239754857262596,0.0054021319665480405,0.003913053791620769
82,RL-d,0.004866117076016962,0.007649729680269957,0.006257923459634185
82,RL-c,0.0024502130690962076,0.007059842348098755,0.0047550276853144165
82,FA,0.010799902118742466,0.002713871980085969,0.00675688711926341
82,FBL-m,0.010984892025589943,0.003839101642370224,0.007411996740847826
82,FBL-d,0.009408850595355034,0.0033954555401578546,0.006402152962982655
83,CEJ-m,0.0019150365696987137,0.012321348185651004,0.0071181924431584775
83,BL-m,0.0019571934535633773,0.012228151317685843,0.007092672371072695
83,RL-m,0.001988673326559365,0.005677701160311699,0.003833187324926257
83,CEJ-d,0.0019392817775951698,0.0029072930628899485,0.0024232874129666016
83,BL-d,0.002406789077213034,0.005796901736175641,0.004101845348486677
83,RL-d,0.0029399129562079906,0.007931302208453417,0.005435607582330704
83,RL-c,0.002486737607978284,0.007503587147220969,0.004995162365958095
83,FA,0.010381139442324638,0.002698507276363671,0.0065398233011364935
83,FBL-m,0.0106698302552104,0.003806330217048526,0.007238080259412527
83,FBL-d,0.00914116222411394,0.0036055617267265914,0.006373361963778734
84,CEJ-m,0.002299868341651745,0.01108204759657383,0.006690957932732999
84,BL-m,0.0023837888438720256,0.011528411880135536,0.006956100289244205
84,RL-m,0.003540569520555437,0.0050447456073015925,0.004292657552286983
84,CEJ-d,0.001917436020448804,0.002662801998667419,0.0022901190241100267
84,BL-d,0.0029064344707876444,0.00537027585960459,0.004138355157920159
84,RL-d,0.003368114843033254,0.007042622147127986,0.005205368530005217
84,RL-c,0.0030817529652267693,0.006936329137533903,0.005009041028097272
84,FA,0.01014964710921049,0.0027419169200584292,0.006445781886577606
84,FBL-m,0.010539791360497475,0.0037697011604905127,0.007154746260493994
84,FBL-d,0.009106210619211196,0.003153349831700325,0.006129780225455761
85,CEJ-m,0.00173392026044894,0.011638644500635564,0.006686282460577786
85,BL-m,0.0019955786847276613,0.011619871656876057,0.006807725178077817
85,RL-m,0.002854569535702467,0.005533829145133495,0.004194199340417981
85,CEJ-d,0.002051962263067253,0.002764945136732422,0.0024084537726594135
85,BL-d,0.002306097259861417,0.0059495601744856685,0.0041278287244495004
85,RL-d,0.004648974468000233,0.007229140168055892,0.005939057283103466
85,RL-c,0.0019057112047448754,0.007568067405372858,0.004736889386549592
85,FA,0.010024768859148025,0.0026066968683153393,0.006315732933580875
85,FBL-m,0.010628515481948852,0.0035944215022027494,0.007111468445509672
85,FBL-d,0.009128222614526749,0.0032800272107124328,0.006204124819487333
86,CEJ-m,0.0025838504516286775,0.010325648938305676,0.006454749702243134
86,BL-m,0.0027359788364265114,0.01064777944702655,0.006691878952551633
86,RL-m,0.006644450593739748,0.004731208691373468,0.005687829712405801
86,CEJ-d,0.00264371455705259,0.002382961356488522,0.002513337996788323
86,BL-d,0.002981177036417648,0.005410930767538957,0.004196053923806176
86,RL-d,0.01066026003099978,0.0061975711490958926,0.008428915496915578
86,RL-c,0.0017573095159605146,0.007251150906085968,0.004504230245947838
86,FA,0.011205682903528214,0.0025901403743773697,0.006897911708801985
86,FBL-m,0.011318845674395561,0.0035275566391646863,0.007423201110213995
86,FBL-d,0.009939496032893657,0.0027178338496014476,0.006328664999455213
87,CEJ-m,0.002479471775586717,0.011645168240647763,0.0070623200153931975
87,BL-m,0.002511226135538891,0.011202964640688151,0.0068570952862501144
87,RL-m,0.006451854668557644,0.005714581627398729,0.006083218101412058
87,CEJ-d,0.002852385936421342,0.0027505918260430917,0.0028014889248879626
87,BL-d,0.0021093087998451665,0.005791035073343664,0.003950171987526119
87,RL-d,0.007597232051193714,0.007298122253268957,0.007447677012532949
87,RL-c,0.0017183181596919894,0.0072700639721006155,0.004494191054254771
87,FA,0.010512774437665939,0.0025204547215253114,0.006516614649444819
87,FBL-m,0.011611825786530972,0.003451323602348566,0.007531574554741382
87,FBL-d,0.010075130686163902,0.003257131460122764,0.006666131224483252
88,CEJ-m,0.0037269733293214813,0.010226289450656623,0.006976631353609264
88,BL-m,0.005064266239060089,0.00971022158046253,0.007387243851553649
88,RL-m,0.005941500840708614,0.005200060596689582,0.005570780579000711
88,CEJ-d,0.005763316687080078,0.0021090001464472152,0.0039361584931612015
88,BL-d,0.0038003510126145557,0.005267776199616492,0.004534063715254888
88,RL-d,0.007432491285726428,0.0064982670359313485,0.006965379137545824
88,RL-c,0.0023506257217377423,0.006620336137712002,0.00448548081330955
88,FA,0.010869566909968853,0.0023866344476118685,0.006628100760281086
88,FBL-m,0.011118175089359283,0.0032607525121420623,0.007189463824033737
88,FBL-d,0.009764952771365642,0.0026948036160320044,0.0062298781238496305
89,CEJ-m,0.0035750482784351334,0.012076994695235044,0.007826021465007216
89,BL-m,0.004075165401445702,0.011034116672817618,0.007554640993475914
89,RL-m,0.0027938512852415443,0.004993824334815144,0.0038938377518206837
89,CEJ-d,0.004791830157046206,0.0028382277814671397,0.0038150289619807154
89,BL-d,0.0033095481485361233,0.005402921844506636,0.004356235003797337
89,RL-d,0.0035093304701149463,0.0067257257644087074,0.005117528140544891
89,RL-c,0.0017893317388370633,0.006796845747157931,0.004293088708072901
89,FA,0.010213519632816314,0.0022493676748126744,0.006231443677097559
89,FBL-m,0.01101156286895275,0.0031112685333937406,0.007061415631324053
89,FBL-d,0.009456517547369004,0.002809385652653873,0.006132951565086841
90,CEJ-m,0.005298245989251882,0.010593139624688774,0.007945692806970328
90,BL-m,0.003363466472364962,0.010057990002678707,0.00671072828117758
90,RL-m,0.001635162066668272,0.005116536375135183,0.0033758492674678562
90,CEJ-d,0.006259077723370865,0.0022010628454154357,0.004230070277117193
90,BL-d,0.0028271597111597657,0.005062991142040119,0.003945075441151857
90,RL-d,0.003930393210612238,0.006720407679677009,0.005325400410220027
90,RL-c,0.0015654058894142508,0.0062208808027207855,0.0038931433809921145
90,FA,0.009897950291633605,0.0020769527298398318,0.005987451504915952
90,FBL-m,0.010555211268365384,0.002890204847790301,0.00672270804643631
90,FBL-d,0.009006365947425366,0.002710634469985962,0.005858500115573406
91,CEJ-m,0.0029392419673968107,0.01098718261346221,0.006963212217669934
91,BL-m,0.0026369328988948837,0.01017783471615985,0.006407383945770562
91,RL-m,0.001942748692817986,0.004939823690801859,0.0034412862733006477
91,CEJ-d,0.002918886748375371,0.002459571056533605,0.0026892288733506575
91,BL-d,0.002201801282353699,0.004897934952168725,0.003549868066329509
91,RL-d,0.0028311485424637795,0.006362254591658711,0.004596701543778181
91,RL-c,0.0014940201072022319,0.005904385587200522,0.003699202835559845
91,FA,0.009863657504320144,0.002089112449903041,0.005976384971290827
91,FBL-m,0.010299971699714661,0.002888457220979035,0.006594214495271445
91,FBL-d,0.009001436084508896,0.002664981130510569,0.0058332085609436035
92,CEJ-m,0.003496117948088795,0.011211720062419772,0.007353919092565775
92,BL-m,0.0025337455153930932,0.010259450878947973,0.006396598182618618
92,RL-m,0.001859549677465111,0.004707497591152787,0.003283523628488183
92,CEJ-d,0.003911089763278142,0.00270095095038414,0.0033060203422792256
92,BL-d,0.0018901292060036212,0.004887363989837468,0.003388746568816714
92,RL-d,0.0033157522790133952,0.006089586345478892,0.00470266928896308
92,RL-c,0.0016656669555231928,0.005881392420269549,0.0037735296413302422
92,FA,0.009523631632328033,0.002118331158999354,0.005820981319993734
92,FBL-m,0.010250116139650345,0.0029108629794791343,0.006580489501357078
92,FBL-d,0.008883609436452389,0.002740915841422975,0.005812262743711471
93,CEJ-m,0.003839617711491883,0.009786856186110526,0.006813236919697374
93,BL-m,0.0030016785312909633,0.009553593583405018,0.006277636071899906
93,RL-m,0.0016303790034726262,0.004595003370195627,0.0031126911751925947
93,CEJ-d,0.003485826018732041,0.0021925590917817317,0.0028391925734467804
93,BL-d,0.0018187410314567387,0.004639170307200402,0.0032289556693285704
93,RL-d,0.002312520705163479,0.005866249417886138,0.004089385131374001
93,RL-c,0.0015241424087435007,0.005847465991973877,0.003685804200358689
93,FA,0.009296167083084584,0.0020981069072149696,0.005697137024253607
93,FBL-m,0.010160060226917266,0.0028293450362980367,0.006494702771306038
93,FBL-d,0.008797260373830796,0.002547333831898868,0.00567229725420475
94,CEJ-m,0.002322744796401821,0.009830065246205777,0.006076404941268265
94,BL-m,0.0019674320647027344,0.009628962958231568,0.005798197526019067
94,RL-m,0.0014003466116264463,0.0046995110809803006,0.0030499288812279703
94,CEJ-d,0.002544945862609893,0.002331397947273217,0.002438171926769428
94,BL-d,0.0017214245308423415,0.004596879574819468,0.0031591520237270743
94,RL-d,0.0020659377565607428,0.005874840682372451,0.003970389161258936
94,RL-c,0.0014200737234205008,0.005705175036564469,0.0035626243567094206
94,FA,0.009334053099155425,0.0020354621461592614,0.0056847576051950455
94,FBL-m,0.010104799270629882,0.0027256925590336324,0.006415245868265629
94,FBL-d,0.008646110258996486,0.002526924223639071,0.005586517229676247
95,CEJ-m,0.0022882671910338104,0.009836007782723755,0.006062137457774952
95,BL-m,0.002186818644986488,0.009515387821011245,0.005851103254826739
95,RL-m,0.0016159788938239217,0.004434190783649683,0.003025084873661399
95,CEJ-d,0.002348378417082131,0.00254761369433254,0.0024479960557073355
95,BL-d,0.0016848972882144153,0.0043075013236375526,0.0029961993568576872
95,RL-d,0.001864500273950398,0.005619187746196986,0.0037418440449982883
95,RL-c,0.0016644439194351435,0.005322886514477432,0.003493665251880884
95,FA,0.009267407096922397,0.002045912912581116,0.005656659975647927
95,FBL-m,0.009991796500980855,0.002723174914717674,0.006357485614717007
95,FBL-d,0.008714891970157623,0.0024879366159439088,0.005601414293050766
96,CEJ-m,0.0021726451377617195,0.00905465945834294,0.005613652319880202
96,BL-m,0.001940592919709161,0.008930225943913683,0.005435409373603761
96,RL-m,0.0014845146797597408,0.004385832464322448,0.00293517354875803
96,CEJ-d,0.002099864272167906,0.002207947247370612,0.0021539057343034074
96,BL-d,0.00179781460610684,0.004190603955066763,0.0029942092660348862
96,RL-d,0.0018318147398531438,0.005502904998138547,0.00366735989227891
96,RL-c,0.0013933824375271797,0.005262358183972538,0.003327870252542198
96,FA,0.009034533612430095,0.0020433408208191395,0.005538937170058489
96,FBL-m,0.009900331124663353,0.0026767390314489602,0.006288535054773092
96,FBL-d,0.008632271364331246,0.002359392330981791,0.005495831929147243
97,CEJ-m,0.0017734285356709734,0.009082039119675756,0.005427733878605068
97,BL-m,0.0017010207811836153,0.008833397558191791,0.005267209111480042
97,RL-m,0.00147552847629413,0.004607558995485306,0.003041543741710484
97,CEJ-d,0.0017874568875413388,0.0021640747654601,0.001975765815586783
97,BL-d,0.001595848661963828,0.004352297255536541,0.0029740729951299727
97,RL-d,0.001728835073299706,0.005577110592275858,0.00365297282114625
97,RL-c,0.0014579579350538553,0.005389502155594528,0.0034237300744280217
97,FA,0.00874094683676958,0.0019881428917869924,0.005364544875919819
97,FBL-m,0.009875734895467758,0.002594110742211342,0.00623492281883955
97,FBL-d,0.008574086241424084,0.002362690330483019,0.0054683882743120195
98,CEJ-m,0.0016180269012693316,0.008938258222769946,0.005278142576571554
98,BL-m,0.0015183978102868423,0.008669368457049131,0.0050938831409439445
98,RL-m,0.0017639755504205823,0.004178375797346234,0.0029711756855249406
98,CEJ-d,0.0016832276596687734,0.0022258412645896897,0.001954534454853274
98,BL-d,0.0013264993467601016,0.00406866887351498,0.0026975841028615832
98,RL-d,0.0022979444824159146,0.005174835585057736,0.003736390033736825
98,RL-c,0.001697879540733993,0.005030508618801832,0.003364194021560252
98,FA,0.008559327200055122,0.0019393513794057071,0.00524933934211731
98,FBL-m,0.009662974439561368,0.0025221636518836022,0.006092569045722485
98,FBL-d,0.008352004736661912,0.002175414131488651,0.005263709556311369
99,CEJ-m,0.001517483193310909,0.008503145712893456,0.00501031443127431
99,BL-m,0.0014697795995743945,0.00835610373178497,0.004912941629299894
99,RL-m,0.0011497637489810586,0.004250803915783763,0.002700283797457814
99,CEJ-d,0.0016173058684216812,0.00208103204931831,0.0018491689552320167
99,BL-d,0.0015433733351528645,0.0040296587540069595,0.002786516066407785
99,RL-d,0.001414693589322269,0.005180209828540683,0.0032974517438560725
99,RL-c,0.0012763595790602268,0.00494692912325263,0.003111644345335662
99,FA,0.008437462523579598,0.0018985472503118216,0.005168004985898733
99,FBL-m,0.009633603133261203,0.002453799615614116,0.006043701432645321
99,FBL-d,0.008322496339678765,0.002110034634824842,0.005216265469789505
100,CEJ-m,0.0014204934559529647,0.008373125339858234,0.004896809346973896
100,BL-m,0.001386243267916143,0.008252452447777614,0.004819347872398794
100,RL-m,0.0011927663465030492,0.004290197091177106,0.0027414817130193116
100,CEJ-d,0.0014018002693774179,0.002046128014626447,0.0017239641456399113
100,BL-d,0.001195219716464635,0.0040030249510891736,0.0025991223519667983
100,RL-d,0.0015302964951843024,0.005163391353562474,0.0033468438778072596
100,RL-c,0.0012350535020232201,0.004906299174763262,0.003070676326751709
100,FA,0.007966455072164536,0.0018599127302877604,0.004913183860480785
100,FBL-m,0.009537097439169884,0.0023999152006581427,0.00596850635483861
100,FBL-d,0.00812108013778925,0.0020778422011062505,0.0050994611345231535
101,CEJ-m,0.0012914098188048229,0.008221982861869037,0.004756696260301396
101,BL-m,0.0013226896044216119,0.008130309026455507,0.004726499420939945
101,RL-m,0.0018547398154623806,0.003954522544518113,0.0029046311508864166
101,CEJ-d,0.0013115023321006447,0.0020340859337011352,0.0016727941256249323
101,BL-d,0.0011774936356232502,0.003816266093053855,0.0024968798898044042
101,RL-d,0.0019648430170491338,0.004844168154522777,0.0034045055508613586
101,RL-c,0.00160998716019094,0.004720732616260648,0.0031653599115088584
101,FA,0.007623513881117106,0.0018073771498166025,0.004715445544570684
101,FBL-m,0.009376981109380723,0.0023415589705109595,0.005859270039945841
101,FBL-d,0.007884973473846913,0.0019688484142534437,0.004926910996437073
102,CEJ-m,0.0013942968071205541,0.008001278969459236,0.0046977879537735134
102,BL-m,0.0014225936247385107,0.007813730597263202,0.004618162172846496
102,RL-m,0.0011701858835294842,0.004100098554044962,0.00263514225371182
102,CEJ-d,0.0013186083815526217,0.0019362262974027544,0.0016274173685815185
102,BL-d,0.001444960231310688,0.0038722961471648887,0.002658628160133958
102,RL-d,0.00126101893838495,0.004887335654348135,0.0030741773080080748
102,RL-c,0.0011503955814987422,0.004723977320827544,0.0029371864860877396
102,FA,0.007330872397869825,0.0017605410306714476,0.0045457066968083385
102,FBL-m,0.00925757922232151,0.0022963084978982807,0.005776943825185299
102,FBL-d,0.007716512493789196,0.001963025110308081,0.004839768819510937
103,CEJ-m,0.0011995013046544045,0.007920431438833475,0.0045599664153996855
103,BL-m,0.0012245555626577698,0.007747491588816047,0.004486023579374887
103,RL-m,0.0010597178479656577,0.003940576640889049,0.002500147232785821
103,CEJ-d,0.0012890907528344542,0.001958060856850352,0.0016235757939284667
103,BL-d,0.0010684670851333067,0.003718872132594697,0.002393669608864002
103,RL-d,0.001169487740844488,0.004759876243770123,0.002964681992307305
103,RL-c,0.0011588286492042244,0.004590218001976609,0.0028745233546942474
103,FA,0.006674342602491379,0.0017458369256928563,0.004210089799016714
103,FBL-m,0.009033345989882946,0.002272567362524569,0.0056529567576944825
103,FBL-d,0.007353616785258055,0.0018943025614134967,0.004623959772288799
104,CEJ-m,0.0011654356712824665,0.00771654793061316,0.004440991790033877
104,BL-m,0.0011874931515194476,0.007700910675339401,0.004444201855221763
104,RL-m,0.0011066582752391695,0.003795039257965982,0.0024508487433195112
104,CEJ-d,0.0011058820891776122,0.001868514715170022,0.001487198387621902
104,BL-d,0.0010908118565566838,0.003653715772088617,0.0023722638288745657
104,RL-d,0.0011877110577188433,0.0045541251543909315,0.0028709181351587176
104,RL-c,0.0011168076191097498,0.004583838465623558,0.0028503229841589928
104,FA,0.005889010522514582,0.0016974153812043368,0.0037932129576802253
104,FBL-m,0.00874185487627983,0.0022052104352042077,0.00547353271394968
104,FBL-d,0.006933507788926363,0.0018392313504591584,0.004386369558051229
105,CEJ-m,0.0012924027469125576,0.007530644128564745,0.004411523463204503
105,BL-m,0.0011810194191639312,0.007553820789325982,0.004367420056951232
105,RL-m,0.0009089147322811186,0.003777640126645565,0.00234327744692564
105,CEJ-d,0.0012455599062377587,0.0017882931570056826,0.0015169265534495935
105,BL-d,0.0010670975971152075,0.0036120559816481546,0.002339576807571575
105,RL-d,0.0010962548665702343,0.004440561169758439,0.0027684079715982078
105,RL-c,0.001005989930126816,0.004476972739212215,0.002741481293924153
105,FA,0.004943969519808888,0.0016535693313926459,0.0032987694256007673
105,FBL-m,0.008515930920839309,0.002145661134272814,0.005330795980989933
105,FBL-d,0.006351711321622133,0.0017970104119740427,0.004074360942468047
106,CEJ-m,0.001136986626079306,0.007577490760013461,0.004357238707598299
106,BL-m,0.001083290895621758,0.007633304805494845,0.004358297912403941
106,RL-m,0.0009647538419812918,0.003677300992421806,0.002321027405560017
106,CEJ-d,0.0011018732911907136,0.0018203485597041436,0.0014611109145334922
106,BL-d,0.0010219429386779666,0.003478225858998485,0.002250084391562268
106,RL-d,0.0011507657123729586,0.004262779001146555,0.0027067723451182244
106,RL-c,0.0010534089407883585,0.0043626292143017055,0.0027080190717242657
106,FA,0.004101268853992224,0.00166386051569134,0.002882564626634121
106,FBL-m,0.008018095884472132,0.0021435022237710653,0.005080799106508493
106,FBL-d,0.005228853784501553,0.001787587720900774,0.0035082207527011634
107,CEJ-m,0.001248075976036489,0.007261737278895453,0.004254906583810225
107,BL-m,0.0011731371196219698,0.007496454432839528,0.004334795827162452
107,RL-m,0.0008518149377778172,0.0035698500694707038,0.002210832480341196
107,CEJ-d,0.0012402362190186977,0.0016648754244670272,0.0014525558217428625
107,BL-d,0.001122625319112558,0.0033946254770853557,0.002258625390822999
107,RL-d,0.0010745960404165088,0.004047061479650438,0.002560828742571175
107,RL-c,0.0009552528499625623,0.0043199513340368865,0.002637602109462023
107,FA,0.002998801972717047,0.0016421749140135943,0.0023204884491860867
107,FBL-m,0.008036136347800493,0.002087743696756661,0.005061940010637045
107,FBL-d,0.004546581069007516,0.0017439238843508064,0.003145252447575331
108,CEJ-m,0.0010765712067950517,0.007428318611346185,0.004252444894518703
108,BL-m,0.0010960420113406144,0.007614452100824565,0.004355247030616738
108,RL-m,0.0008266667486168444,0.0035754973534494637,0.002201082021929324
108,CEJ-d,0.0010852128034457564,0.0017372566362610087,0.0014112347053014673
108,BL-d,0.0010377273501944728,0.0033880660266731866,0.0022128967102617025
108,RL-d,0.0010371321463026107,0.0038947630673646927,0.002465947577729821
108,RL-c,0.0009632259025238454,0.004292806517332793,0.0026280161924660205
108,FA,0.003452948480844498,0.001668782823253423,0.002560865692794323
108,FBL-m,0.006764488574117422,0.0020663077826611697,0.004415398184210062
108,FBL-d,0.0036086103413254023,0.0017642175778746604,0.002686413936316967
109,CEJ-m,0.0012309035009820946,0.007004681654507294,0.004117792588658631
109,BL-m,0.0012624383671209216,0.007285684201633558,0.004274061240721494
109,RL-m,0.0012693004566244781,0.003360595228150487,0.002314947824925184
109,CEJ-d,0.0011226425849599764,0.0016120401996886358,0.0013673413777723908
109,BL-d,0.0011746371601475403,0.003216070675989613,0.0021953539180685766
109,RL-d,0.0012929593329317867,0.0037455749697983265,0.002519267168827355
109,RL-c,0.0010787504492327572,0.0040888128336519,0.0025837816530838607
109,FA,0.0024173124227672817,0.001662005332764238,0.0020396589301526547
109,FBL-m,0.006481610890477896,0.002053850912488997,0.0042677307967096565
109,FBL-d,0.0034160253591835497,0.0016927313758060337,0.0025543783325701953
110,CEJ-m,0.0011291245318716392,0.007073291693814099,0.004101208120118827
110,BL-m,0.0011223051478737034,0.007211298507172614,0.004166801838437095
110,RL-m,0.001419271796476096,0.003571180673316121,0.0024952262174338102
110,CEJ-d,0.0009724302872200496,0.0016425158246420324,0.0013074730595690198
110,BL-d,0.0012549581442726776,0.003356048371642828,0.002305503294337541
110,RL-d,0.0014310319675132632,0.0038318972568959,0.002631464577279985
110,RL-c,0.001248685538303107,0.004225790500640869,0.0027372380252927543
110,FA,0.0028639269061386586,0.0016150616109371185,0.0022394943051040174
110,FBL-m,0.004848961997777223,0.0020669210352934897,0.003457941487431526
110,FBL-d,0.0029434618540108205,0.0017583713517524302,0.002350916527211666
111,CEJ-m,0.001082261536794249,0.006751765409717336,0.003917013498721644
111,BL-m,0.0012606893651536666,0.0068424425553530455,0.004051565963891335
111,RL-m,0.001045048818923533,0.0033242549747228623,0.00218465190846473
111,CEJ-d,0.0009728447039378807,0.0015864917440922,0.0012796682349289767
111,BL-d,0.001007162696623709,0.0032364758735639043,0.002121819299645722
111,RL-d,0.0014442361425608397,0.003768871631473303,0.002606553887017071
111,RL-c,0.0011274070246145129,0.004002139018848538,0.0025647730100899933
111,FA,0.002453884040005505,0.00155846489360556,0.002006174484267831
111,FBL-m,0.0046793071553111075,0.0020484335022047163,0.003363870223984122
111,FBL-d,0.0030981529969722034,0.0016441009705886246,0.002371126972138882
112,CEJ-m,0.0011892352486029267,0.006532852246891707,0.0038610437186434865
112,BL-m,0.0010354375335737132,0.006622646236792207,0.0038290418888209388
112,RL-m,0.0008444880717433989,0.0033429374918341635,0.0020937127992510796
112,CEJ-d,0.0011852811367134564,0.0015470473153982311,0.0013661642296938226
112,BL-d,0.001050313381711021,0.003208439586160239,0.0021293764511938207
112,RL-d,0.001025154476519674,0.0038000358967110516,0.0024125951575115325
112,RL-c,0.0008443009573966265,0.003968756971880793,0.0024065289879217746
112,FA,0.003023903747089207,0.0015561274252831937,0.002290015574544668
112,FBL-m,0.004332924680784345,0.0020486374967731537,0.003190781082957983
112,FBL-d,0.003765570605173707,0.001653643965255469,0.0027096072677522897
113,CEJ-m,0.0010262071955366991,0.006642228545388207,0.003834217874100432
113,BL-m,0.0011537352766026743,0.006779365212423727,0.0039665502845309675
113,RL-m,0.0009116816916503012,0.003289838251657784,0.0021007599541917445
113,CEJ-d,0.001371547237795312,0.0016447840826003812,0.0015081656456459314
113,BL-d,0.0010134268159163184,0.0031793058806215413,0.0020963663409929723
113,RL-d,0.001021117519121617,0.0036899042082950474,0.0023555108113214374
113,RL-c,0.0009114043321460485,0.0038936868077144027,0.0024025455815717576
113,FA,0.005109511781483889,0.0015268270974047482,0.0033181693870574236
113,FBL-m,0.004377720132470131,0.002021872706245631,0.0031997963786125185
113,FBL-d,0.0035726782865822316,0.001650825352407992,0.002611751761287451
114,CEJ-m,0.0016626727738184854,0.006007295538438484,0.0038349841197486967
114,BL-m,0.0017207455821335316,0.006172568944748491,0.003946657292544842
114,RL-m,0.0010588569799438118,0.0030758361099287868,0.002067346521653235
114,CEJ-d,0.002673185692401603,0.0014427941787289456,0.0020579899501171894
114,BL-d,0.0013625077262986451,0.003051643077924382,0.002207075391197577
114,RL-d,0.001106947404332459,0.003597689443267882,0.002352318447083235
114,RL-c,0.0008330780896358192,0.0037466239649802447,0.002289851033128798
114,FA,0.004485255200415849,0.0014583889860659838,0.0029718221165239813
114,FBL-m,0.006196926441043615,0.0019551580538973213,0.004076042259112
114,FBL-d,0.006171375419944525,0.0015229475102387369,0.0038471614476293325
115,CEJ-m,0.0024770760646788403,0.006733388378052041,0.004605232272297144
115,BL-m,0.00210606207838282,0.006807935977121815,0.004456998984096572
115,RL-m,0.0010854768916033208,0.003438755660317838,0.0022621162468567492
115,CEJ-d,0.0035343312920304015,0.0017248686563107185,0.0026295999996364117
115,BL-d,0.0014939210668671876,0.0032222221270785667,0.002358071564231068
115,RL-d,0.0013308598659932613,0.0035920064663514497,0.002461433131247759
115,RL-c,0.0009276351076550782,0.003984507406130433,0.0024560712510719894
115,FA,0.009311400353908539,0.0016216639894992113,0.005466532148420811
115,FBL-m,0.005965060414746403,0.00209995387122035,0.004032507166266441
115,FBL-d,0.006574604054912924,0.0017650989117100834,0.004169851425103843
116,CEJ-m,0.004311516851885244,0.005869629269000143,0.005090573074994609
116,BL-m,0.002708350511966273,0.006420825811801478,0.004564588190987706
116,RL-m,0.001966318977065384,0.002943282388150692,0.0024548006244003774
116,CEJ-d,0.0052628229968831874,0.0014354581799125299,0.0033491405556560494
116,BL-d,0.002349541653529741,0.0030942717130528763,0.0027219067560508847
116,RL-d,0.0021643125684931873,0.003228423511609435,0.002696368028409779
116,RL-c,0.0011008128873072564,0.0036318997154012322,0.002366356272250414
116,FA,0.007319850963540375,0.0015257160528562963,0.004422783642075956
116,FBL-m,0.00820818217471242,0.0019728097948245706,0.005090495990589261
116,FBL-d,0.008200996555387974,0.0015605346066877245,0.004880765569396317
117,CEJ-m,0.003023509147169534,0.00653904807404615,0.004781278665177524
117,BL-m,0.0018150145406252705,0.00657426321413368,0.004194638939225115
117,RL-m,0.0018859209958463907,0.0033649168210104106,0.002625418920069933
117,CEJ-d,0.003846326202619821,0.001753815304255113,0.002800070753437467
117,BL-d,0.0014852698950562626,0.0031482051199418493,0.0023167375184129924
117,RL-d,0.002176399400923401,0.0035498300334438682,0.0028631146997213364
117,RL-c,0.002141302777454257,0.003892421675845981,0.003016862249933183
117,FA,0.002496749279089272,0.0016667176620103418,0.0020817334996536376
117,FBL-m,0.0027766728308051825,0.002149453910533339,0.00246306334156543
117,FBL-d,0.00244444846175611,0.001783232344314456,0.002113840403035283
118,CEJ-m,0.0024229137852671556,0.005903721903450787,0.00416331784799695
118,BL-m,0.0012463014863897115,0.006348652925225906,0.0037974771694280207
118,RL-m,0.0016712194308638572,0.0030556321842595937,0.002363425772637129
118,CEJ-d,0.0031902829941827804,0.0014377913394127972,0.0023140371704357676
118,BL-d,0.001318056310992688,0.0029266165947774425,0.0021223364092293195
118,RL-d,0.0015456310706213118,0.003286534803919494,0.0024160829372704027
118,RL-c,0.0013719514477998017,0.003600418905261904,0.0024861852289177477
118,FA,0.002332757972180843,0.0016265352023765445,0.001979646575637162
118,FBL-m,0.002371438662521541,0.002126228669658303,0.00224883365444839
118,FBL-d,0.0024915621848776936,0.001735237054526806,0.0021133996080607174
119,CEJ-m,0.0016057744069257751,0.0061687186534982175,0.003887246537487954
119,BL-m,0.0017532260535517707,0.006375911762006581,0.004064568929607049
119,RL-m,0.002637084654998034,0.003409690805710852,0.003023387724533677
119,CEJ-d,0.0032437815243611112,0.0015344513885793276,0.002389116467384156
119,BL-d,0.0019309984490973875,0.0032698557479307055,0.0026004270766861737
119,RL-d,0.0017016186146065592,0.003430809802375734,0.0025662142317742108
119,RL-c,0.0009242142201401293,0.0037285882281139493,0.002326401206664741
119,FA,0.0019238804699853063,0.0014221945544704794,0.0016730375355109572
119,FBL-m,0.001997755724005401,0.0019356151577085256,0.00196668547578156
119,FBL-d,0.001895585749298334,0.001660234178416431,0.0017779099754989148
120,CEJ-m,0.001219704034156166,0.005890633794479072,0.003555168892489746
120,BL-m,0.0022500421619042754,0.005788945112726651,0.004019493702799082
120,RL-m,0.0014425708912312984,0.0031020403606817127,0.002272305591031909
120,CEJ-d,0.0016028803438530304,0.0014622213093389291,0.0015325508356909268
120,BL-d,0.0022519499325426295,0.0030586599023081362,0.002655304968357086
120,RL-d,0.0013857984682545065,0.0034134580520913003,0.0023996282368898393
120,RL-c,0.0009146371041424573,0.0035279898787848652,0.002221313479822129
120,FA,0.0015946517698466778,0.0014766001142561436,0.001535625965334475
120,FBL-m,0.0018605930265039206,0.002039728406816721,0.0019501606933772565
120,FBL-d,0.0016539430944249034,0.0016045284923166037,0.00162923582829535
121,CEJ-m,0.001236226875334978,0.005960812181001529,0.003598519542720169
121,BL-m,0.0012686429254245013,0.005955345724942163,0.003611994325183332
121,RL-m,0.0012011839775368572,0.0030644579557701944,0.0021328209899365903
121,CEJ-d,0.0017115135342464782,0.0014716502773808315,0.0015915818948997185
121,BL-d,0.0019586997950682417,0.0031068337775650434,0.002532766797230579
121,RL-d,0.0014374036923982202,0.0034236791078001262,0.0024305413709953426
121,RL-c,0.000943512690719217,0.003591297543607652,0.002267405088059604
121,FA,0.0013835630146786571,0.0014498844975605607,0.0014167237328365444
121,FBL-m,0.0017615074990317225,0.0020391227561049165,0.0019003150751814245
121,FBL-d,0.0015674287918955089,0.0016495866933837534,0.0016085077309980988
122,CEJ-m,0.0014353868609759957,0.005756539030699059,0.003595962916733697
122,BL-m,0.0012778076707036234,0.0057192395033780485,0.0034985235397471115
122,RL-m,0.001103101496119052,0.0028438162291422485,0.0019734588684514167
122,CEJ-d,0.0014508772292174399,0.0014230981541913934,0.0014369877098943107
122,BL-d,0.001199837053718511,0.0030048268017708324,0.0021023319350206293
122,RL-d,0.0012409630580805242,0.0032318049110472203,0.002236383967101574
122,RL-c,0.001008993771392852,0.0034315715776756404,0.002220282657071948
122,FA,0.0016366360010579228,0.001406265760306269,0.001521450886502862
122,FBL-m,0.0014871079474687576,0.0019891805248335006,0.0017381442012265325
122,FBL-d,0.0014889787649735808,0.0015811789082363248,0.001535078836604953
123,CEJ-m,0.0014757062090211548,0.00563361361855641,0.0035546598955988884
123,BL-m,0.0010628923773765564,0.005551526817725971,0.0033072096412070096
123,RL-m,0.001178888080175966,0.0028227046597748993,0.002000796375796199
123,CEJ-d,0.0012605854353751056,0.0014094927209953312,0.0013350390727282502
123,BL-d,0.0014474996787612326,0.0028977218971704133,0.00217261076613795
123,RL-d,0.001202507212292403,0.003167377621866763,0.0021849423879757523
123,RL-c,0.0009343498502857983,0.0033979515777900816,0.002166150719858706
123,FA,0.0012469209730625152,0.0014262926764786244,0.0013366068247705697
123,FBL-m,0.0014405625872313977,0.0020041932933963836,0.0017223779344931246
123,FBL-d,0.0012810779269784689,0.0015623392770066856,0.0014217086136341095
124,CEJ-m,0.0011825526526081376,0.005565374798607081,0.003373963787453249
124,BL-m,0.0009652756416471675,0.0055360650876536965,0.003250670342822559
124,RL-m,0.0008690302609466016,0.0030169806675985457,0.0019430054584518076
124,CEJ-d,0.001072705359547399,0.0013789747281407472,0.0012258400238351896
124,BL-d,0.001001672753773164,0.0029563578209490515,0.0019790153310168535
124,RL-d,0.001281407568603754,0.003255804628133774,0.0022686060518026354
124,RL-c,0.0009293511509895324,0.0034588576992973684,0.002194104390218854
124,FA,0.0011666272301226854,0.0013840481988154352,0.001275337697006762
124,FBL-m,0.0013122932286933064,0.001956391253042966,0.001634342223405838
124,FBL-d,0.001246993034146726,0.0015679027885198594,0.0014074478996917606
125,CEJ-m,0.001077427361451555,0.0053352876275312155,0.0032063575054053217
125,BL-m,0.000996045106148813,0.00527669841540046,0.003136371771688573
125,RL-m,0.0009423459530808031,0.0027956703212112187,0.0018690081546083094
125,CEJ-d,0.0014316098531708121,0.0013087633851682767,0.0013701866337214597
125,BL-d,0.001008389299386181,0.002849047908966895,0.0019287185787106864
125,RL-d,0.0009944670600816607,0.0031378814484924076,0.0020661742426455023
125,RL-c,0.0008639221196062863,0.0032472766586579384,0.002055599424056709
125,FA,0.0013328551431186497,0.0013449321850202978,0.0013388936757110059
125,FBL-m,0.0013516780803911389,0.001911075715906918,0.0016313769039697946
125,FBL-d,0.001197809528093785,0.0014971837284974755,0.0013474966282956303
126,CEJ-m,0.0010561452872934751,0.005390615027863532,0.003223380190320313
126,BL-m,0.000868362702021841,0.0053283822344383225,0.0030983724864199758
126,RL-m,0.0008012909267563373,0.0026805329136550425,0.0017409118940122426
126,CEJ-d,0.0009387466197949834,0.0013528613380913157,0.0011458040025900118
126,BL-d,0.0008512487620464526,0.0027743990285671316,0.0018128239098587073
126,RL-d,0.001110591657925397,0.0030184896430000665,0.0020645407028496267
126,RL-c,0.0009370781481266022,0.0032518064021132887,0.0020944422809407114
126,FA,0.0012236928683705627,0.0013803177862428129,0.0013020053040236235
126,FBL-m,0.001174622611142695,0.0019190044957213103,0.0015468135476112365
126,FBL-d,0.0013733932632021607,0.0015209800214506686,0.001447186665609479
127,CEJ-m,0.001079575355106499,0.00522181749693118,0.0031506964878644794
127,BL-m,0.0008978680052678101,0.005259030716842972,0.0030784493865212426
127,RL-m,0.0006393698800820858,0.0026462408015504478,0.001642805349547416
127,CEJ-d,0.0010167042273678817,0.0013168904661142733,0.0011667973594740033
127,BL-d,0.0009091690662899055,0.002737251757935155,0.0018232104339404032
127,RL-d,0.0008732960559427738,0.002948828670196235,0.0019110623514279723
127,RL-c,0.0009015888790600002,0.0032014661701396108,0.0020515275187790393
127,FA,0.0009667578036896884,0.001291808730456978,0.0011292832437902688
127,FBL-m,0.0011811343021690846,0.0018041899311356246,0.0014926620991900564
127,FBL-d,0.0009533949079923332,0.0014012146624736489,0.0011773047735914588
128,CEJ-m,0.0009877274569589645,0.005078590824268758,0.003033159111510031
128,BL-m,0.0008222208416555077,0.005168399977264926,0.0029953104531159624
128,RL-m,0.0006312992016319185,0.002608374645933509,0.001619836932513863
128,CEJ-d,0.0008978861515060998,0.001296824553719489,0.0010973553580697626
128,BL-d,0.0007614559581270441,0.00268509317538701,0.0017232745813089423
128,RL-d,0.000979693210683763,0.002908908436074853,0.0019443008583039044
128,RL-c,0.0008313916507177055,0.0031251841341145337,0.001978287915699184
128,FA,0.0008623341098427772,0.0012675046105869114,0.0010649193660356104
128,FBL-m,0.001021406939253211,0.0017723385943099856,0.0013968727667815982
128,FBL-d,0.0008714722935110331,0.0013802925474010407,0.0011258824029937386
129,CEJ-m,0.0009284671541536227,0.0049539807077962905,0.0029412239673547447
129,BL-m,0.0008079662511590868,0.0050417042803019285,0.002924835294834338
129,RL-m,0.0006848540448118001,0.002511101681739092,0.0015979778487235307
129,CEJ-d,0.0009351106855319813,0.0012810545085812919,0.0011080825861427002
129,BL-d,0.0008598143140261527,0.002616671088617295,0.0017382426740368828
129,RL-d,0.0008129202877171337,0.002891829842701554,0.0018523750477470458
129,RL-c,0.0007133739185519516,0.0030648242332972585,0.0018890990759246051
129,FA,0.0008005589945241809,0.0012682601227425039,0.0010344095528125763
129,FBL-m,0.0008602976915426553,0.0017684076447039843,0.0013143526623025537
129,FBL-d,0.0008717231103219092,0.0013702784082852304,0.0011210007476620376
130,CEJ-m,0.0008403400061069988,0.004885440168436617,0.002862890061805956
130,BL-m,0.0007806319699739106,0.004914024655590765,0.002847328345524147
130,RL-m,0.000682112987851724,0.002473696367815137,0.0015779047156684101
130,CEJ-d,0.0009517335929558612,0.001266822735487949,0.00110927814966999
130,BL-d,0.0007485618771170266,0.0025946845416910946,0.0016716232057660818
130,RL-d,0.000773389043752104,0.0028976738918572663,0.0018355314154177905
130,RL-c,0.0008028722601011396,0.0029923046473413705,0.0018975884304381907
130,FA,0.0009622626006603241,0.0012215465772897004,0.0010919045889750123
130,FBL-m,0.0011241631698794663,0.0017166833393275737,0.001420423248782754
130,FBL-d,0.0009437685483135283,0.0013148021302185954,0.0011292853159829974
131,CEJ-m,0.0009223673478118144,0.004784024640684947,0.0028531959833344445
131,BL-m,0.0007958561327541247,0.004842505542910658,0.0028191808669362217
131,RL-m,0.0007036498980596661,0.0024186012102290987,0.0015611255657859147
131,CEJ-d,0.0008380603030673228,0.0012281120361876674,0.0010330861696274951
131,BL-d,0.000869083269208204,0.002505564123566728,0.0016873236891115084
131,RL-d,0.0007261902443133295,0.002816656045615673,0.001771423185709864
131,RL-c,0.0006890742341056466,0.0029428674606606364,0.0018159708706662059
131,FA,0.0009073021356016397,0.0012280452414415778,0.0010676736943423747
131,FBL-m,0.0008842156268656254,0.001710356364492327,0.0012972860014997423
131,FBL-d,0.0009932428831234575,0.0013177549000829459,0.001155498856678605
132,CEJ-m,0.000844440954097081,0.004699903365690261,0.002772172141703777
132,BL-m,0.0007867302192607895,0.004790991573827341,0.0027888608747161925
132,RL-m,0.0005937236070167273,0.002457198710180819,0.0015254611265845598
132,CEJ-d,0.0008483655547024682,0.0012218809497426264,0.0010351232558605261
132,BL-d,0.0007819833335815929,0.002509919577278197,0.0016459514299640432
132,RL-d,0.000766764534637332,0.0028104280354455113,0.0017885962966829537
132,RL-c,0.0007691801059991121,0.0028918622294440864,0.0018305211560800672
132,FA,0.0006994301220402122,0.0011705223878379911,0.0009349762462079525
132,FBL-m,0.0008474436588585376,0.0016463674721308053,0.0012469055480323731
132,FBL-d,0.0007523298845626414,0.00127407981781289,0.0010132048395462335
133,CEJ-m,0.0008008650838746689,0.004575114813633263,0.0026879899232881144
133,BL-m,0.0008523377764504403,0.004641177467419766,0.002746757658314891
133,RL-m,0.0005618119204882533,0.002361377771012485,0.0014615948544815182
133,CEJ-d,0.0007950962899485603,0.0012126584224461112,0.001003877361654304
133,BL-d,0.0008796285255812109,0.002428912281175144,0.0016542703669983894
133,RL-d,0.0007299432181753218,0.002738518500700593,0.0017342308419756591
133,RL-c,0.0006979662808589637,0.0028305093524977564,0.001764237799216062
133,FA,0.0006230193364899605,0.0011687288875691592,0.0008958740974776447
133,FBL-m,0.0007591592497192323,0.001638209819793701,0.001198684552218765
133,FBL-d,0.0006424323772080242,0.0012504250276833772,0.0009464287315495313
134,CEJ-m,0.0007568317378172651,0.00455902042449452,0.00265792608843185
134,BL-m,0.0007628945604665205,0.004656411139876582,0.002709652893827297
134,RL-m,0.0005433559417724609,0.0023343283217400314,0.0014388421550393105
134,CEJ-d,0.0007630165637237951,0.0012013630584988277,0.0009821898129303008
134,BL-d,0.0007368842852883972,0.002436221548123285,0.0015865529130678624
134,RL-d,0.0007158854510635138,0.002704050904139876,0.0017099681892432273
134,RL-c,0.0006286807067226619,0.0027869102777913213,0.0017077954951673746
134,FA,0.0005797620920930058,0.0011298078403342514,0.0008547849603928626
134,FBL-m,0.0007458118256181478,0.0015978010720573365,0.0011718064546585084
134,FBL-d,0.0006407225970178843,0.001224939723033458,0.000932831154204905
135,CEJ-m,0.000817580112197902,0.004416958923684433,0.002617269492475316
135,BL-m,0.0008284523282782175,0.00448501348728314,0.0026567329041427
135,RL-m,0.0005807746550999582,0.002286637027282268,0.0014337058528326452
135,CEJ-d,0.0007968719874043018,0.0011570568858587649,0.000976964431174565
135,BL-d,0.0008679558013682254,0.0023630845462321304,0.0016155202029040083
135,RL-d,0.0006638609571382404,0.0026854159077629447,0.0016746384208090603
135,RL-c,0.000594042451120913,0.002721121406648308,0.0016575819172430784
135,FA,0.0005582187965046615,0.001111113338265568,0.0008346660702954978
135,FBL-m,0.000709923089016229,0.0015782229485921562,0.0011440730304457247
135,FBL-d,0.000582591671263799,0.0011958522838540376,0.0008892219804693014
136,CEJ-m,0.0007355024135904387,0.00441026347107254,0.002572882964159362
136,BL-m,0.0007333024695981294,0.004541170535958372,0.002637236539158039
136,RL-m,0.0005109584366437048,0.0022669759928248823,0.0013889672001823783
136,CEJ-d,0.000782945477112662,0.001170531519164797,0.0009767385126906447
136,BL-d,0.0007840249891160056,0.002359370220801793,0.0015716975758550689
136,RL-d,0.0006913733435794711,0.0026240668958052993,0.0016577200964093207
136,RL-c,0.000591211358550936,0.002697210549376905,0.001644210930680856
136,FA,0.0006135926116257906,0.001097354554804042,0.0008554735861252994
136,FBL-m,0.0006976455450057983,0.0015655360650271178,0.0011315908166579902
136,FBL-d,0.000660020054783672,0.0012078823172487318,0.0009339511801954359
137,CEJ-m,0.00079777561040828,0.004217834968585521,0.0025078052567550912
137,BL-m,0.000730535997718107,0.004348309215856716,0.002539422595873475
137,RL-m,0.0005019988806452602,0.0021933399955742063,0.0013476694584824145
137,CEJ-d,0.0008019790911930613,0.0011292999552097172,0.0009656395195634104
137,BL-d,0.0008606490373495035,0.002291719283675775,0.001576184164150618
137,RL-d,0.0006603392597753554,0.002579594077542424,0.001619966677390039
137,RL-c,0.0005808651156257838,0.0026254427968524395,0.001603153982432559
137,FA,0.0008216675370931626,0.001062101317802444,0.0009418844245374202
137,FBL-m,0.0009152378072030843,0.0015272150165401399,0.001221226411871612
137,FBL-d,0.0007119008689187468,0.0011583002516999841,0.0009351005719508976
138,CEJ-m,0.0007078686176100746,0.004279536835383624,0.002493702748324722
138,BL-m,0.0006516741377708968,0.004449923930224031,0.0025507989921607077
138,RL-m,0.00047332766116596757,0.002183677244465798,0.0013285024673677982
138,CEJ-d,0.000740508119633887,0.0011366866019670852,0.0009385973644384649
138,BL-d,0.0006298216321738437,0.002278029147419147,0.0014539253897964954
138,RL-d,0.0006899838568642736,0.002496496750973165,0.0015932403272017836
138,RL-c,0.0006319903768599033,0.0026160819572396575,0.0016240361845120787
138,FA,0.0010786961065605283,0.001062337338225916,0.001070516707841307
138,FBL-m,0.0009592462098225951,0.0015206058626063168,0.0012399260536767541
138,FBL-d,0.0012066488270647824,0.0011769942590035497,0.001191821531392634
139,CEJ-m,0.0007814640557626262,0.004093977709999308,0.0024377208756050095
139,BL-m,0.0007268496410688385,0.004271198733476922,0.0024990242236526683
139,RL-m,0.000491980614606291,0.0021506205899640917,0.0013213005964644252
139,CEJ-d,0.0008048880263231695,0.0010899663975578733,0.0009474272119405214
139,BL-d,0.0006229698992683552,0.0022436270664911717,0.0014332984574139118
139,RL-d,0.0006334370817057788,0.0024986184551380576,0.0015660277684219181
139,RL-c,0.0005995394836645574,0.0025742923840880393,0.001586915971711278
139,FA,0.000671696406789124,0.0010223766614217312,0.0008470365253742784
139,FBL-m,0.0008538660942576826,0.0014736905111931264,0.0011637783143669366
139,FBL-d,0.0006034014979377389,0.001114124502055347,0.0008587630116380751
140,CEJ-m,0.0006955414137337357,0.004157668794505298,0.0024266050895676017
140,BL-m,0.0006644726563536096,0.004366992478026077,0.0025157326308544725
140,RL-m,0.0004989867797121405,0.0020925472723320126,0.0012957670260220766
140,CEJ-d,0.0007460462948074564,0.0011280663165962324,0.0009370563057018444
140,BL-d,0.0006363404354488011,0.002203224263212178,0.0014197823475115001
140,RL-d,0.0006114642601460218,0.002418785518966615,0.0015151249011978508
140,RL-c,0.000690130633302033,0.002515139029128477,0.0016026347992010414
140,FA,0.0006533478095661849,0.0010342614783439784,0.0008438046090304852
140,FBL-m,0.0006672822986729443,0.001481620641425252,0.0010744514875113964
140,FBL-d,0.0007136905798688531,0.0011383415723685176,0.0009260160732083023
141,CEJ-m,0.0008154149909387343,0.003944133219192736,0.0023797741159796715
141,BL-m,0.000670705980155617,0.004207022531772964,0.0024388642341364175
141,RL-m,0.0004954785166773945,0.002050562377553433,0.001273020450025797
141,CEJ-d,0.0008825398763292469,0.0010492534420336597,0.0009658966591814533
141,BL-d,0.000761746363423299,0.0021582106564892456,0.001459978499042336
141,RL-d,0.0006195938447490334,0.0023746638093143702,0.0014971288270317017
141,RL-c,0.0006815467961132527,0.002472567185759544,0.0015770569909363985
141,FA,0.0006077126483432949,0.0010009008401539177,0.0008043067471589893
141,FBL-m,0.0007652177824638784,0.0014470170834101736,0.001106117432937026
141,FBL-d,0.0006081438157707452,0.00109751297859475,0.0008528283913619816
142,CEJ-m,0.0007384705459116958,0.004081667691934854,0.0024100691225612536
142,BL-m,0.000601885676587699,0.00424050101719331,0.0024211933414335363
142,RL-m,0.00047174716601148246,0.0020703796646557747,0.0012710634153336286
142,CEJ-d,0.0009103061820496805,0.0011227105678699445,0.0010165083876927383
142,BL-d,0.0007336966264119837,0.0021783000338473357,0.0014559983610524796
142,RL-d,0.0006409400200936943,0.0023639048682525753,0.0015024224296212197
142,RL-c,0.0008371656062081456,0.002453581942245364,0.0016453737625852227
142,FA,0.0005600590200629085,0.000982822134392336,0.0007714405888691545
142,FBL-m,0.0007459061685949564,0.0014272741740569473,0.0010865901713259518
142,FBL-d,0.0005280400218907744,0.0010952006443403662,0.0008116203360259532
143,CEJ-m,0.001133569297962822,0.0037516146985581145,0.0024425919982604682
143,BL-m,0.0007965984405018389,0.004059972372488119,0.0024282853919430636
143,RL-m,0.0004851045669056475,0.0019874716293998063,0.001236288109794259
143,CEJ-d,0.0015208170952973887,0.000983194237051066,0.0012520056625362486
143,BL-d,0.0008337617255165242,0.0020980889021302573,0.0014659253138233908
143,RL-d,0.0005790607305243611,0.0023160464945249258,0.001447553583420813
143,RL-c,0.000852947379462421,0.0023937551188282667,0.0016233512433245778
143,FA,0.0004472120897844434,0.0009538195212371647,0.0007005158113315701
143,FBL-m,0.0005510093062184751,0.0013971901265904308,0.0009740997105836868
143,FBL-d,0.0005047974234912544,0.0010497000708710401,0.0007772487355396151
144,CEJ-m,0.0013536270926124416,0.0040975871961563826,0.002725607148022391
144,BL-m,0.0009763564376044087,0.004179914278211072,0.0025781353178899735
144,RL-m,0.00043865889310836794,0.00198289561085403,0.0012107772403396667
144,CEJ-d,0.0017260690947296098,0.0011511382544995286,0.0014386036855285056
144,BL-d,0.0008415023476118222,0.0021255341707728803,0.0014835182664683089
144,RL-d,0.0005796421086415648,0.002283148549031466,0.0014313953346572817
144,RL-c,0.0012021284666843713,0.0023995788127649576,0.0018008536193519832
144,FA,0.00041408527758903804,0.0009403164614923299,0.0006772008840925991
144,FBL-m,0.0005711148725822568,0.0013835132005624474,0.000977314030751586
144,FBL-d,0.0004094417614396662,0.0010556999826803804,0.0007325708691496402
145,CEJ-m,0.002571552657173015,0.0035462006781017408,0.0030588766967412084
145,BL-m,0.0016188021400012076,0.003929006736143492,0.0027739045035559684
145,RL-m,0.00045249470276758074,0.001939860498532653,0.0011961775831878184
145,CEJ-d,0.003502194886095822,0.0008937360671552597,0.0021979654411552474
145,BL-d,0.0009746891155373305,0.0020481215469771996,0.0015114053385332227
145,RL-d,0.0006615539721678942,0.002279607160016894,0.0014705805806443095
145,RL-c,0.0015861075720749796,0.0023132850183174014,0.0019496962893754243
145,FA,0.000386708474252373,0.0009128952515311539,0.0006498018628917634
145,FBL-m,0.0004780294664669782,0.0013566926587373017,0.0009173610538709909
145,FBL-d,0.0004540166875813156,0.0010220325726550072,0.0007380246417596937
146,CEJ-m,0.003311932712676935,0.0042462891433387995,0.003779110877076164
146,BL-m,0.001997601386392489,0.004157640069024637,0.0030776206695009023
146,RL-m,0.0005002134130336344,0.00190803682198748,0.001204125105869025
146,CEJ-d,0.004704759863670915,0.0012578470341395587,0.002981303507112898
146,BL-d,0.0012774269271176308,0.0020860280346823856,0.0016817274590721354
146,RL-d,0.0008990649017505348,0.0022171403281390665,0.0015581026207655668
146,RL-c,0.0018973093829117715,0.0023494205670431256,0.0021233649924397467
146,FA,0.0004327371483668685,0.000899903936078772,0.0006663205393124371
146,FBL-m,0.0005680153437424452,0.0013432578067295252,0.0009556365781463683
146,FBL-d,0.0004306988033931702,0.0010236810485366732,0.0007271899376064539
147,CEJ-m,0.0045834101911168545,0.003401010515517555,0.003992210287833586
147,BL-m,0.0021985235071042553,0.003871334469295107,0.0030349290318554267
147,RL-m,0.0004894033772870898,0.0019211922772228718,0.0012052978272549808
147,CEJ-d,0.008795080459094606,0.000834229695101385,0.004814655068912543
147,BL-d,0.0015238415435305797,0.002014643014263129,0.0017692422770778649
147,RL-d,0.0007332563516683876,0.0022061456460505725,0.0014697010279633104
147,RL-c,0.0010240632225759327,0.002187767194118351,0.0016059152316302062
147,FA,0.0005701226182281971,0.0008548843616154045,0.00071250349865295
147,FBL-m,0.000605879002250731,0.0013054936658591031,0.000955686334054917
147,FBL-d,0.0005426138755865395,0.0009927787177730352,0.0007676962937694043
148,CEJ-m,0.0029085557762300596,0.004259847512003034,0.003584201622288674
148,BL-m,0.0016654076607665047,0.004127968670218252,0.0028966881218366325
148,RL-m,0.0007694903993979097,0.0018066920922137797,0.0012880912399850786
148,CEJ-d,0.004595994068949949,0.0012671828335442115,0.0029315884530660696
148,BL-d,0.002614927521790378,0.0020574613445205614,0.0023361944622593
148,RL-d,0.0007705596508458257,0.0021377022028900685,0.0014541309210471809
148,RL-c,0.0009439260000362992,0.0023670698574278504,0.0016554979141801597
148,FA,0.0010166335850954056,0.0008805607503745705,0.0009485971531830728
148,FBL-m,0.0010789469350129365,0.0013276672805659473,0.0012033071252517402
148,FBL-d,0.0010741707519628108,0.001007905590813607,0.0010410381481051445
149,CEJ-m,0.0022725747985532507,0.0036468570469878614,0.0029597159300465137
149,BL-m,0.0016419331877841614,0.0037767404210171662,0.0027093367680208758
149,RL-m,0.0008663015090860426,0.0018138568033464254,0.0013400791329331696
149,CEJ-d,0.004136248622671701,0.0009985846209019655,0.002567416668171063
149,BL-d,0.0012896631087642163,0.002044791901425924,0.0016672275160090066
149,RL-d,0.0009700913913547992,0.002094351872801781,0.00153222163207829
149,RL-c,0.0015438300557434558,0.002287807478569448,0.0019158187438733875
149,FA,0.000870171090355143,0.0009072476008441299,0.0008887093514204025
149,FBL-m,0.0010382029227912425,0.0013669111067429185,0.0012025570264086126
149,FBL-d,0.0008360497187823058,0.0009663027361966669,0.0009011762216687202
150,CEJ-m,0.0016240567347267643,0.0036885721929138526,0.0026563144638203084
150,BL-m,0.0010185785795329139,0.003927287849364802,0.0024729332217248157
150,RL-m,0.001322774461004883,0.0019487663521431386,0.0016357703832909464
150,CEJ-d,0.0028484482027124614,0.0009626888058846816,0.0019055685115745291
150,BL-d,0.0012690443618339486,0.0020780841805390082,0.001673564242082648
150,RL-d,0.0015968373976647855,0.00199054490076378,0.0017936911201104522
150,RL-c,0.0012759972596541047,0.0023488643288146704,0.0018124307971447706
150,FA,0.0010973876109346748,0.0009261139377485961,0.0010117507772520185
150,FBL-m,0.0010505501530133187,0.0014010087470524013,0.0012257794733159244
150,FBL-d,0.0011389991850592196,0.0010183307982515543,0.0010786649771034717
151,CEJ-m,0.0012063962203683332,0.003994979429990053,0.002600687847007066
151,BL-m,0.0009630256099626422,0.004032832497614436,0.002497929031960666
151,RL-m,0.0007272108574397862,0.0017762623610906303,0.001251736585982144
151,CEJ-d,0.0018081829766742885,0.0010872783605009317,0.0014477306685876101
151,BL-d,0.0009832140713115223,0.0019964175880886614,0.0014898158187861554
151,RL-d,0.0010892850114032626,0.0019748611142858864,0.0015320730628445745
151,RL-c,0.0009801893029361963,0.0022129210527054967,0.001596555206924677
151,FA,0.0006164788268506527,0.0008680777275003493,0.0007422782888170332
151,FBL-m,0.0007678802590817213,0.0013368264073505998,0.0010523533448576928
151,FBL-d,0.0006331466429401189,0.001007315708557144,0.0008202311582863331
152,CEJ-m,0.001192636183986906,0.0038194312946870923,0.0025060337502509356
152,BL-m,0.0013357151983655058,0.0038938632933422923,0.0026147892785957083
152,RL-m,0.0005992266815155745,0.001808271592017263,0.0012037491309456528
152,CEJ-d,0.001740268722642213,0.0009944955436367309,0.0013673821449629031
152,BL-d,0.0009598571705282666,0.00195932385395281,0.0014595904940506443
152,RL-d,0.0014017689740285278,0.0021198578528128565,0.001760813407599926
152,RL-c,0.0010041630128398537,0.0021440718905068935,0.001574117480777204
152,FA,0.0005920758412685245,0.0008168651664163917,0.0007044705213047564
152,FBL-m,0.0007349033490754664,0.0012841602438129485,0.0010095317964442074
152,FBL-d,0.0005375911539886146,0.0010018005967140197,0.0007696958840824663
153,CEJ-m,0.001064074895111844,0.0037751670606667176,0.002419620956061408
153,BL-m,0.0012038536224281415,0.004010451273643412,0.0026071524480357766
153,RL-m,0.0014073515427298843,0.001677136216312647,0.0015422438737004995
153,CEJ-d,0.001657340646488592,0.001000449914499768,0.0013288952904986218
153,BL-d,0.0010000372276408598,0.0018995694772456773,0.0014498033706331626
153,RL-d,0.0019253021688200533,0.0019626598805189133,0.0019439810654148459
153,RL-c,0.0011184263625182212,0.0021007187548093497,0.0016095725703053176
153,FA,0.0005117150489240885,0.0007844037667382508,0.0006480593991000205
153,FBL-m,0.0005602178105618804,0.0012399621889926493,0.0009000899735838175
153,FBL-d,0.0005735986167564988,0.0009837814548518508,0.00077869005035609
154,CEJ-m,0.0008719224060769193,0.0037176248588366434,0.0022947736288188025
154,BL-m,0.0007238145917654037,0.003908885468263179,0.002316349964530673
154,RL-m,0.0008586049603763968,0.0018465157481841743,0.0013525603688322007
154,CEJ-d,0.0014121436179266311,0.0010028042051999364,0.0012074739061063156
154,BL-d,0.0014024503107066266,0.0018823607679223642,0.0016424055502284318
154,RL-d,0.0006778160110116005,0.002040305105037987,0.0013590605463832616
154,RL-c,0.0016581754665821792,0.0020253973023500295,0.0018417863873764872
154,FA,0.0006100540922489017,0.0007623264857102186,0.0006861902773380279
154,FBL-m,0.0006233313586562871,0.0012080004205927252,0.0009156658896245062
154,FBL-d,0.0006003470916766673,0.0009603123879060149,0.0007803297252394259
